file,district,type,band,tiles,canvas,transparent,references,prompt
TownPrompts/residential/cottage/cottage_fd.png,residential,cottage,F-D,1,1536x1152,False,,"High-end Korean fantasy RPG and gacha illustration, polished hand-painted anime rendering, crisp clean linework, rich dimensional cel shading, luminous material highlights, cohesive Adams Haven world palette of dark weathered timber, slate and stone with moonlit blue-silver and violet Celestium accents. Isometric three-quarter exterior view of a single building, seen from above at about 35 degrees, turned 45 degrees so two walls show equally, orthographic look with parallel edges and no vanishing points, the whole building in frame with air around it, flat neutral pale-grey ground and a plain soft gradient background, soft daylight from the upper left, light shadow on the ground to the lower right. Subject: Cottage, a family home, in the Residential district of a fantasy tower town; footprint square, sized for a 1-by-1 tile lot. Build: humble village build: rough-sawn weathered dark timber, wattle or simple plank walls, mossy thatch or split-shingle roof, one small window, a plain door, no ornament. Distinctive features: a chimney with a thin smoke wisp, a small garden patch and fence, flower boxes, laundry line. Materials read clearly as a game asset reference: distinct wall, trim and roof colours, clean silhouette, no clutter beyond the features listed. No text, no letters, no numbers, no signs with writing, no watermark, no logo, no frame or border, no UI, no people, no cropped walls or roofs, no photorealism, no fisheye, no extreme perspective."
TownPrompts/residential/cottage/cottage_cb.png,residential,cottage,C-B,2,1536x1152,False,cottage_fd.png,"High-end Korean fantasy RPG and gacha illustration, polished hand-painted anime rendering, crisp clean linework, rich dimensional cel shading, luminous material highlights, cohesive Adams Haven world palette of dark weathered timber, slate and stone with moonlit blue-silver and violet Celestium accents. Isometric three-quarter exterior view of a single building, seen from above at about 35 degrees, turned 45 degrees so two walls show equally, orthographic look with parallel edges and no vanishing points, the whole building in frame with air around it, flat neutral pale-grey ground and a plain soft gradient background, soft daylight from the upper left, light shadow on the ground to the lower right. Subject: Cottage, a family home, in the Residential district of a fantasy tower town; footprint square, sized for a 2-by-2 tile lot. Build: established town build: fitted dark timber framing over cut slate and stone, a shingled or slate roof with a dormer, glazed leaded windows, a carved lintel, one modest banner pole with a plain cloth banner, small Celestium lantern by the door giving a faint blue-silver glow. Distinctive features: a chimney with a thin smoke wisp, a small garden patch and fence, flower boxes, laundry line. Materials read clearly as a game asset reference: distinct wall, trim and roof colours, clean silhouette, no clutter beyond the features listed. No text, no letters, no numbers, no signs with writing, no watermark, no logo, no frame or border, no UI, no people, no cropped walls or roofs, no photorealism, no fisheye, no extreme perspective."
TownPrompts/residential/cottage/cottage_assr.png,residential,cottage,A-SSR,3,1536x1152,False,cottage_fd.png,"High-end Korean fantasy RPG and gacha illustration, polished hand-painted anime rendering, crisp clean linework, rich dimensional cel shading, luminous material highlights, cohesive Adams Haven world palette of dark weathered timber, slate and stone with moonlit blue-silver and violet Celestium accents. Isometric three-quarter exterior view of a single building, seen from above at about 35 degrees, turned 45 degrees so two walls show equally, orthographic look with parallel edges and no vanishing points, the whole building in frame with air around it, flat neutral pale-grey ground and a plain soft gradient background, soft daylight from the upper left, light shadow on the ground to the lower right. Subject: Cottage, a family home, in the Residential district of a fantasy tower town; footprint square, sized for a 3-by-3 tile lot. Build: grand city build: dressed stone and dark polished timber, a tall layered slate roof with finials, large leaded windows, carved stone trim, iron and bronze fittings, several Celestium lanterns and inlaid blue-silver crystal veins glowing softly, a proud silhouette. Distinctive features: a chimney with a thin smoke wisp, a small garden patch and fence, flower boxes, laundry line. Materials read clearly as a game asset reference: distinct wall, trim and roof colours, clean silhouette, no clutter beyond the features listed. No text, no letters, no numbers, no signs with writing, no watermark, no logo, no frame or border, no UI, no people, no cropped walls or roofs, no photorealism, no fisheye, no extreme perspective."
TownPrompts/residential/rowhouse/rowhouse_fd.png,residential,rowhouse,F-D,1,1536x1152,False,,"High-end Korean fantasy RPG and gacha illustration, polished hand-painted anime rendering, crisp clean linework, rich dimensional cel shading, luminous material highlights, cohesive Adams Haven world palette of dark weathered timber, slate and stone with moonlit blue-silver and violet Celestium accents. Isometric three-quarter exterior view of a single building, seen from above at about 35 degrees, turned 45 degrees so two walls show equally, orthographic look with parallel edges and no vanishing points, the whole building in frame with air around it, flat neutral pale-grey ground and a plain soft gradient background, soft daylight from the upper left, light shadow on the ground to the lower right. Subject: Row House, a terrace of joined homes, in the Residential district of a fantasy tower town; footprint long rectangle along the street, sized for a 1-by-1 tile lot. Build: humble village build: rough-sawn weathered dark timber, wattle or simple plank walls, mossy thatch or split-shingle roof, one small window, a plain door, no ornament. Distinctive features: repeated doors and windows in a row, shared roofline, steps down to the street. Materials read clearly as a game asset reference: distinct wall, trim and roof colours, clean silhouette, no clutter beyond the features listed. No text, no letters, no numbers, no signs with writing, no watermark, no logo, no frame or border, no UI, no people, no cropped walls or roofs, no photorealism, no fisheye, no extreme perspective."
TownPrompts/residential/rowhouse/rowhouse_cb.png,residential,rowhouse,C-B,2,1536x1152,False,rowhouse_fd.png,"High-end Korean fantasy RPG and gacha illustration, polished hand-painted anime rendering, crisp clean linework, rich dimensional cel shading, luminous material highlights, cohesive Adams Haven world palette of dark weathered timber, slate and stone with moonlit blue-silver and violet Celestium accents. Isometric three-quarter exterior view of a single building, seen from above at about 35 degrees, turned 45 degrees so two walls show equally, orthographic look with parallel edges and no vanishing points, the whole building in frame with air around it, flat neutral pale-grey ground and a plain soft gradient background, soft daylight from the upper left, light shadow on the ground to the lower right. Subject: Row House, a terrace of joined homes, in the Residential district of a fantasy tower town; footprint long rectangle along the street, sized for a 2-by-2 tile lot. Build: established town build: fitted dark timber framing over cut slate and stone, a shingled or slate roof with a dormer, glazed leaded windows, a carved lintel, one modest banner pole with a plain cloth banner, small Celestium lantern by the door giving a faint blue-silver glow. Distinctive features: repeated doors and windows in a row, shared roofline, steps down to the street. Materials read clearly as a game asset reference: distinct wall, trim and roof colours, clean silhouette, no clutter beyond the features listed. No text, no letters, no numbers, no signs with writing, no watermark, no logo, no frame or border, no UI, no people, no cropped walls or roofs, no photorealism, no fisheye, no extreme perspective."
TownPrompts/residential/rowhouse/rowhouse_assr.png,residential,rowhouse,A-SSR,3,1536x1152,False,rowhouse_fd.png,"High-end Korean fantasy RPG and gacha illustration, polished hand-painted anime rendering, crisp clean linework, rich dimensional cel shading, luminous material highlights, cohesive Adams Haven world palette of dark weathered timber, slate and stone with moonlit blue-silver and violet Celestium accents. Isometric three-quarter exterior view of a single building, seen from above at about 35 degrees, turned 45 degrees so two walls show equally, orthographic look with parallel edges and no vanishing points, the whole building in frame with air around it, flat neutral pale-grey ground and a plain soft gradient background, soft daylight from the upper left, light shadow on the ground to the lower right. Subject: Row House, a terrace of joined homes, in the Residential district of a fantasy tower town; footprint long rectangle along the street, sized for a 3-by-3 tile lot. Build: grand city build: dressed stone and dark polished timber, a tall layered slate roof with finials, large leaded windows, carved stone trim, iron and bronze fittings, several Celestium lanterns and inlaid blue-silver crystal veins glowing softly, a proud silhouette. Distinctive features: repeated doors and windows in a row, shared roofline, steps down to the street. Materials read clearly as a game asset reference: distinct wall, trim and roof colours, clean silhouette, no clutter beyond the features listed. No text, no letters, no numbers, no signs with writing, no watermark, no logo, no frame or border, no UI, no people, no cropped walls or roofs, no photorealism, no fisheye, no extreme perspective."
TownPrompts/residential/manor/manor_fd.png,residential,manor,F-D,1,1536x1152,False,,"High-end Korean fantasy RPG and gacha illustration, polished hand-painted anime rendering, crisp clean linework, rich dimensional cel shading, luminous material highlights, cohesive Adams Haven world palette of dark weathered timber, slate and stone with moonlit blue-silver and violet Celestium accents. Isometric three-quarter exterior view of a single building, seen from above at about 35 degrees, turned 45 degrees so two walls show equally, orthographic look with parallel edges and no vanishing points, the whole building in frame with air around it, flat neutral pale-grey ground and a plain soft gradient background, soft daylight from the upper left, light shadow on the ground to the lower right. Subject: Townhouse Manor, a wealthy family's home, in the Residential district of a fantasy tower town; footprint square with a walled yard, sized for a 1-by-1 tile lot. Build: humble village build: rough-sawn weathered dark timber, wattle or simple plank walls, mossy thatch or split-shingle roof, one small window, a plain door, no ornament. Distinctive features: a walled courtyard with a tree, a balcony, a tower corner, ornate gate. Materials read clearly as a game asset reference: distinct wall, trim and roof colours, clean silhouette, no clutter beyond the features listed. No text, no letters, no numbers, no signs with writing, no watermark, no logo, no frame or border, no UI, no people, no cropped walls or roofs, no photorealism, no fisheye, no extreme perspective."
TownPrompts/residential/manor/manor_cb.png,residential,manor,C-B,2,1536x1152,False,manor_fd.png,"High-end Korean fantasy RPG and gacha illustration, polished hand-painted anime rendering, crisp clean linework, rich dimensional cel shading, luminous material highlights, cohesive Adams Haven world palette of dark weathered timber, slate and stone with moonlit blue-silver and violet Celestium accents. Isometric three-quarter exterior view of a single building, seen from above at about 35 degrees, turned 45 degrees so two walls show equally, orthographic look with parallel edges and no vanishing points, the whole building in frame with air around it, flat neutral pale-grey ground and a plain soft gradient background, soft daylight from the upper left, light shadow on the ground to the lower right. Subject: Townhouse Manor, a wealthy family's home, in the Residential district of a fantasy tower town; footprint square with a walled yard, sized for a 2-by-2 tile lot. Build: established town build: fitted dark timber framing over cut slate and stone, a shingled or slate roof with a dormer, glazed leaded windows, a carved lintel, one modest banner pole with a plain cloth banner, small Celestium lantern by the door giving a faint blue-silver glow. Distinctive features: a walled courtyard with a tree, a balcony, a tower corner, ornate gate. Materials read clearly as a game asset reference: distinct wall, trim and roof colours, clean silhouette, no clutter beyond the features listed. No text, no letters, no numbers, no signs with writing, no watermark, no logo, no frame or border, no UI, no people, no cropped walls or roofs, no photorealism, no fisheye, no extreme perspective."
TownPrompts/residential/manor/manor_assr.png,residential,manor,A-SSR,3,1536x1152,False,manor_fd.png,"High-end Korean fantasy RPG and gacha illustration, polished hand-painted anime rendering, crisp clean linework, rich dimensional cel shading, luminous material highlights, cohesive Adams Haven world palette of dark weathered timber, slate and stone with moonlit blue-silver and violet Celestium accents. Isometric three-quarter exterior view of a single building, seen from above at about 35 degrees, turned 45 degrees so two walls show equally, orthographic look with parallel edges and no vanishing points, the whole building in frame with air around it, flat neutral pale-grey ground and a plain soft gradient background, soft daylight from the upper left, light shadow on the ground to the lower right. Subject: Townhouse Manor, a wealthy family's home, in the Residential district of a fantasy tower town; footprint square with a walled yard, sized for a 3-by-3 tile lot. Build: grand city build: dressed stone and dark polished timber, a tall layered slate roof with finials, large leaded windows, carved stone trim, iron and bronze fittings, several Celestium lanterns and inlaid blue-silver crystal veins glowing softly, a proud silhouette. Distinctive features: a walled courtyard with a tree, a balcony, a tower corner, ornate gate. Materials read clearly as a game asset reference: distinct wall, trim and roof colours, clean silhouette, no clutter beyond the features listed. No text, no letters, no numbers, no signs with writing, no watermark, no logo, no frame or border, no UI, no people, no cropped walls or roofs, no photorealism, no fisheye, no extreme perspective."
TownPrompts/market/stall/stall_fd.png,market,stall,F-D,1,1536x1152,False,,"High-end Korean fantasy RPG and gacha illustration, polished hand-painted anime rendering, crisp clean linework, rich dimensional cel shading, luminous material highlights, cohesive Adams Haven world palette of dark weathered timber, slate and stone with moonlit blue-silver and violet Celestium accents. Isometric three-quarter exterior view of a single building, seen from above at about 35 degrees, turned 45 degrees so two walls show equally, orthographic look with parallel edges and no vanishing points, the whole building in frame with air around it, flat neutral pale-grey ground and a plain soft gradient background, soft daylight from the upper left, light shadow on the ground to the lower right. Subject: Market Stall, a covered trading stall, in the Market (commercial) district of a fantasy tower town; footprint small rectangle, open front, sized for a 1-by-1 tile lot. Build: humble village build: rough-sawn weathered dark timber, wattle or simple plank walls, mossy thatch or split-shingle roof, one small window, a plain door, no ornament. Distinctive features: a striped awning, crates and barrels of goods, hanging wares, counter facing the street. Materials read clearly as a game asset reference: distinct wall, trim and roof colours, clean silhouette, no clutter beyond the features listed. No text, no letters, no numbers, no signs with writing, no watermark, no logo, no frame or border, no UI, no people, no cropped walls or roofs, no photorealism, no fisheye, no extreme perspective."
TownPrompts/market/stall/stall_cb.png,market,stall,C-B,2,1536x1152,False,stall_fd.png,"High-end Korean fantasy RPG and gacha illustration, polished hand-painted anime rendering, crisp clean linework, rich dimensional cel shading, luminous material highlights, cohesive Adams Haven world palette of dark weathered timber, slate and stone with moonlit blue-silver and violet Celestium accents. Isometric three-quarter exterior view of a single building, seen from above at about 35 degrees, turned 45 degrees so two walls show equally, orthographic look with parallel edges and no vanishing points, the whole building in frame with air around it, flat neutral pale-grey ground and a plain soft gradient background, soft daylight from the upper left, light shadow on the ground to the lower right. Subject: Market Stall, a covered trading stall, in the Market (commercial) district of a fantasy tower town; footprint small rectangle, open front, sized for a 2-by-2 tile lot. Build: established town build: fitted dark timber framing over cut slate and stone, a shingled or slate roof with a dormer, glazed leaded windows, a carved lintel, one modest banner pole with a plain cloth banner, small Celestium lantern by the door giving a faint blue-silver glow. Distinctive features: a striped awning, crates and barrels of goods, hanging wares, counter facing the street. Materials read clearly as a game asset reference: distinct wall, trim and roof colours, clean silhouette, no clutter beyond the features listed. No text, no letters, no numbers, no signs with writing, no watermark, no logo, no frame or border, no UI, no people, no cropped walls or roofs, no photorealism, no fisheye, no extreme perspective."
TownPrompts/market/stall/stall_assr.png,market,stall,A-SSR,3,1536x1152,False,stall_fd.png,"High-end Korean fantasy RPG and gacha illustration, polished hand-painted anime rendering, crisp clean linework, rich dimensional cel shading, luminous material highlights, cohesive Adams Haven world palette of dark weathered timber, slate and stone with moonlit blue-silver and violet Celestium accents. Isometric three-quarter exterior view of a single building, seen from above at about 35 degrees, turned 45 degrees so two walls show equally, orthographic look with parallel edges and no vanishing points, the whole building in frame with air around it, flat neutral pale-grey ground and a plain soft gradient background, soft daylight from the upper left, light shadow on the ground to the lower right. Subject: Market Stall, a covered trading stall, in the Market (commercial) district of a fantasy tower town; footprint small rectangle, open front, sized for a 3-by-3 tile lot. Build: grand city build: dressed stone and dark polished timber, a tall layered slate roof with finials, large leaded windows, carved stone trim, iron and bronze fittings, several Celestium lanterns and inlaid blue-silver crystal veins glowing softly, a proud silhouette. Distinctive features: a striped awning, crates and barrels of goods, hanging wares, counter facing the street. Materials read clearly as a game asset reference: distinct wall, trim and roof colours, clean silhouette, no clutter beyond the features listed. No text, no letters, no numbers, no signs with writing, no watermark, no logo, no frame or border, no UI, no people, no cropped walls or roofs, no photorealism, no fisheye, no extreme perspective."
TownPrompts/market/inn/inn_fd.png,market,inn,F-D,1,1536x1152,False,,"High-end Korean fantasy RPG and gacha illustration, polished hand-painted anime rendering, crisp clean linework, rich dimensional cel shading, luminous material highlights, cohesive Adams Haven world palette of dark weathered timber, slate and stone with moonlit blue-silver and violet Celestium accents. Isometric three-quarter exterior view of a single building, seen from above at about 35 degrees, turned 45 degrees so two walls show equally, orthographic look with parallel edges and no vanishing points, the whole building in frame with air around it, flat neutral pale-grey ground and a plain soft gradient background, soft daylight from the upper left, light shadow on the ground to the lower right. Subject: Inn, an inn and tavern, in the Market (commercial) district of a fantasy tower town; footprint L-shape around a yard, sized for a 1-by-1 tile lot. Build: humble village build: rough-sawn weathered dark timber, wattle or simple plank walls, mossy thatch or split-shingle roof, one small window, a plain door, no ornament. Distinctive features: a hanging shield-shaped sign with no writing, lantern-lit porch, barrels, a stable lean-to, warm window glow. Materials read clearly as a game asset reference: distinct wall, trim and roof colours, clean silhouette, no clutter beyond the features listed. No text, no letters, no numbers, no signs with writing, no watermark, no logo, no frame or border, no UI, no people, no cropped walls or roofs, no photorealism, no fisheye, no extreme perspective."
TownPrompts/market/inn/inn_cb.png,market,inn,C-B,2,1536x1152,False,inn_fd.png,"High-end Korean fantasy RPG and gacha illustration, polished hand-painted anime rendering, crisp clean linework, rich dimensional cel shading, luminous material highlights, cohesive Adams Haven world palette of dark weathered timber, slate and stone with moonlit blue-silver and violet Celestium accents. Isometric three-quarter exterior view of a single building, seen from above at about 35 degrees, turned 45 degrees so two walls show equally, orthographic look with parallel edges and no vanishing points, the whole building in frame with air around it, flat neutral pale-grey ground and a plain soft gradient background, soft daylight from the upper left, light shadow on the ground to the lower right. Subject: Inn, an inn and tavern, in the Market (commercial) district of a fantasy tower town; footprint L-shape around a yard, sized for a 2-by-2 tile lot. Build: established town build: fitted dark timber framing over cut slate and stone, a shingled or slate roof with a dormer, glazed leaded windows, a carved lintel, one modest banner pole with a plain cloth banner, small Celestium lantern by the door giving a faint blue-silver glow. Distinctive features: a hanging shield-shaped sign with no writing, lantern-lit porch, barrels, a stable lean-to, warm window glow. Materials read clearly as a game asset reference: distinct wall, trim and roof colours, clean silhouette, no clutter beyond the features listed. No text, no letters, no numbers, no signs with writing, no watermark, no logo, no frame or border, no UI, no people, no cropped walls or roofs, no photorealism, no fisheye, no extreme perspective."
TownPrompts/market/inn/inn_assr.png,market,inn,A-SSR,3,1536x1152,False,inn_fd.png,"High-end Korean fantasy RPG and gacha illustration, polished hand-painted anime rendering, crisp clean linework, rich dimensional cel shading, luminous material highlights, cohesive Adams Haven world palette of dark weathered timber, slate and stone with moonlit blue-silver and violet Celestium accents. Isometric three-quarter exterior view of a single building, seen from above at about 35 degrees, turned 45 degrees so two walls show equally, orthographic look with parallel edges and no vanishing points, the whole building in frame with air around it, flat neutral pale-grey ground and a plain soft gradient background, soft daylight from the upper left, light shadow on the ground to the lower right. Subject: Inn, an inn and tavern, in the Market (commercial) district of a fantasy tower town; footprint L-shape around a yard, sized for a 3-by-3 tile lot. Build: grand city build: dressed stone and dark polished timber, a tall layered slate roof with finials, large leaded windows, carved stone trim, iron and bronze fittings, several Celestium lanterns and inlaid blue-silver crystal veins glowing softly, a proud silhouette. Distinctive features: a hanging shield-shaped sign with no writing, lantern-lit porch, barrels, a stable lean-to, warm window glow. Materials read clearly as a game asset reference: distinct wall, trim and roof colours, clean silhouette, no clutter beyond the features listed. No text, no letters, no numbers, no signs with writing, no watermark, no logo, no frame or border, no UI, no people, no cropped walls or roofs, no photorealism, no fisheye, no extreme perspective."
TownPrompts/market/bazaar/bazaar_fd.png,market,bazaar,F-D,1,1536x1152,False,,"High-end Korean fantasy RPG and gacha illustration, polished hand-painted anime rendering, crisp clean linework, rich dimensional cel shading, luminous material highlights, cohesive Adams Haven world palette of dark weathered timber, slate and stone with moonlit blue-silver and violet Celestium accents. Isometric three-quarter exterior view of a single building, seen from above at about 35 degrees, turned 45 degrees so two walls show equally, orthographic look with parallel edges and no vanishing points, the whole building in frame with air around it, flat neutral pale-grey ground and a plain soft gradient background, soft daylight from the upper left, light shadow on the ground to the lower right. Subject: Bazaar Hall, a covered market hall, in the Market (commercial) district of a fantasy tower town; footprint wide rectangle with open arcade, sized for a 1-by-1 tile lot. Build: humble village build: rough-sawn weathered dark timber, wattle or simple plank walls, mossy thatch or split-shingle roof, one small window, a plain door, no ornament. Distinctive features: open arcade of arches along the front, many awnings, piled goods, a central dome or lantern roof. Materials read clearly as a game asset reference: distinct wall, trim and roof colours, clean silhouette, no clutter beyond the features listed. No text, no letters, no numbers, no signs with writing, no watermark, no logo, no frame or border, no UI, no people, no cropped walls or roofs, no photorealism, no fisheye, no extreme perspective."
TownPrompts/market/bazaar/bazaar_cb.png,market,bazaar,C-B,2,1536x1152,False,bazaar_fd.png,"High-end Korean fantasy RPG and gacha illustration, polished hand-painted anime rendering, crisp clean linework, rich dimensional cel shading, luminous material highlights, cohesive Adams Haven world palette of dark weathered timber, slate and stone with moonlit blue-silver and violet Celestium accents. Isometric three-quarter exterior view of a single building, seen from above at about 35 degrees, turned 45 degrees so two walls show equally, orthographic look with parallel edges and no vanishing points, the whole building in frame with air around it, flat neutral pale-grey ground and a plain soft gradient background, soft daylight from the upper left, light shadow on the ground to the lower right. Subject: Bazaar Hall, a covered market hall, in the Market (commercial) district of a fantasy tower town; footprint wide rectangle with open arcade, sized for a 2-by-2 tile lot. Build: established town build: fitted dark timber framing over cut slate and stone, a shingled or slate roof with a dormer, glazed leaded windows, a carved lintel, one modest banner pole with a plain cloth banner, small Celestium lantern by the door giving a faint blue-silver glow. Distinctive features: open arcade of arches along the front, many awnings, piled goods, a central dome or lantern roof. Materials read clearly as a game asset reference: distinct wall, trim and roof colours, clean silhouette, no clutter beyond the features listed. No text, no letters, no numbers, no signs with writing, no watermark, no logo, no frame or border, no UI, no people, no cropped walls or roofs, no photorealism, no fisheye, no extreme perspective."
TownPrompts/market/bazaar/bazaar_assr.png,market,bazaar,A-SSR,3,1536x1152,False,bazaar_fd.png,"High-end Korean fantasy RPG and gacha illustration, polished hand-painted anime rendering, crisp clean linework, rich dimensional cel shading, luminous material highlights, cohesive Adams Haven world palette of dark weathered timber, slate and stone with moonlit blue-silver and violet Celestium accents. Isometric three-quarter exterior view of a single building, seen from above at about 35 degrees, turned 45 degrees so two walls show equally, orthographic look with parallel edges and no vanishing points, the whole building in frame with air around it, flat neutral pale-grey ground and a plain soft gradient background, soft daylight from the upper left, light shadow on the ground to the lower right. Subject: Bazaar Hall, a covered market hall, in the Market (commercial) district of a fantasy tower town; footprint wide rectangle with open arcade, sized for a 3-by-3 tile lot. Build: grand city build: dressed stone and dark polished timber, a tall layered slate roof with finials, large leaded windows, carved stone trim, iron and bronze fittings, several Celestium lanterns and inlaid blue-silver crystal veins glowing softly, a proud silhouette. Distinctive features: open arcade of arches along the front, many awnings, piled goods, a central dome or lantern roof. Materials read clearly as a game asset reference: distinct wall, trim and roof colours, clean silhouette, no clutter beyond the features listed. No text, no letters, no numbers, no signs with writing, no watermark, no logo, no frame or border, no UI, no people, no cropped walls or roofs, no photorealism, no fisheye, no extreme perspective."
TownPrompts/industry/workshop/workshop_fd.png,industry,workshop,F-D,1,1536x1152,False,,"High-end Korean fantasy RPG and gacha illustration, polished hand-painted anime rendering, crisp clean linework, rich dimensional cel shading, luminous material highlights, cohesive Adams Haven world palette of dark weathered timber, slate and stone with moonlit blue-silver and violet Celestium accents. Isometric three-quarter exterior view of a single building, seen from above at about 35 degrees, turned 45 degrees so two walls show equally, orthographic look with parallel edges and no vanishing points, the whole building in frame with air around it, flat neutral pale-grey ground and a plain soft gradient background, soft daylight from the upper left, light shadow on the ground to the lower right. Subject: Workshop, a craft workshop, in the Industry district of a fantasy tower town; footprint square with a lean-to, sized for a 1-by-1 tile lot. Build: humble village build: rough-sawn weathered dark timber, wattle or simple plank walls, mossy thatch or split-shingle roof, one small window, a plain door, no ornament. Distinctive features: a wide double door, a chimney, lumber and tool racks against the wall, a water trough. Materials read clearly as a game asset reference: distinct wall, trim and roof colours, clean silhouette, no clutter beyond the features listed. No text, no letters, no numbers, no signs with writing, no watermark, no logo, no frame or border, no UI, no people, no cropped walls or roofs, no photorealism, no fisheye, no extreme perspective."
TownPrompts/industry/workshop/workshop_cb.png,industry,workshop,C-B,2,1536x1152,False,workshop_fd.png,"High-end Korean fantasy RPG and gacha illustration, polished hand-painted anime rendering, crisp clean linework, rich dimensional cel shading, luminous material highlights, cohesive Adams Haven world palette of dark weathered timber, slate and stone with moonlit blue-silver and violet Celestium accents. Isometric three-quarter exterior view of a single building, seen from above at about 35 degrees, turned 45 degrees so two walls show equally, orthographic look with parallel edges and no vanishing points, the whole building in frame with air around it, flat neutral pale-grey ground and a plain soft gradient background, soft daylight from the upper left, light shadow on the ground to the lower right. Subject: Workshop, a craft workshop, in the Industry district of a fantasy tower town; footprint square with a lean-to, sized for a 2-by-2 tile lot. Build: established town build: fitted dark timber framing over cut slate and stone, a shingled or slate roof with a dormer, glazed leaded windows, a carved lintel, one modest banner pole with a plain cloth banner, small Celestium lantern by the door giving a faint blue-silver glow. Distinctive features: a wide double door, a chimney, lumber and tool racks against the wall, a water trough. Materials read clearly as a game asset reference: distinct wall, trim and roof colours, clean silhouette, no clutter beyond the features listed. No text, no letters, no numbers, no signs with writing, no watermark, no logo, no frame or border, no UI, no people, no cropped walls or roofs, no photorealism, no fisheye, no extreme perspective."
TownPrompts/industry/workshop/workshop_assr.png,industry,workshop,A-SSR,3,1536x1152,False,workshop_fd.png,"High-end Korean fantasy RPG and gacha illustration, polished hand-painted anime rendering, crisp clean linework, rich dimensional cel shading, luminous material highlights, cohesive Adams Haven world palette of dark weathered timber, slate and stone with moonlit blue-silver and violet Celestium accents. Isometric three-quarter exterior view of a single building, seen from above at about 35 degrees, turned 45 degrees so two walls show equally, orthographic look with parallel edges and no vanishing points, the whole building in frame with air around it, flat neutral pale-grey ground and a plain soft gradient background, soft daylight from the upper left, light shadow on the ground to the lower right. Subject: Workshop, a craft workshop, in the Industry district of a fantasy tower town; footprint square with a lean-to, sized for a 3-by-3 tile lot. Build: grand city build: dressed stone and dark polished timber, a tall layered slate roof with finials, large leaded windows, carved stone trim, iron and bronze fittings, several Celestium lanterns and inlaid blue-silver crystal veins glowing softly, a proud silhouette. Distinctive features: a wide double door, a chimney, lumber and tool racks against the wall, a water trough. Materials read clearly as a game asset reference: distinct wall, trim and roof colours, clean silhouette, no clutter beyond the features listed. No text, no letters, no numbers, no signs with writing, no watermark, no logo, no frame or border, no UI, no people, no cropped walls or roofs, no photorealism, no fisheye, no extreme perspective."
TownPrompts/industry/mill/mill_fd.png,industry,mill,F-D,1,1536x1152,False,,"High-end Korean fantasy RPG and gacha illustration, polished hand-painted anime rendering, crisp clean linework, rich dimensional cel shading, luminous material highlights, cohesive Adams Haven world palette of dark weathered timber, slate and stone with moonlit blue-silver and violet Celestium accents. Isometric three-quarter exterior view of a single building, seen from above at about 35 degrees, turned 45 degrees so two walls show equally, orthographic look with parallel edges and no vanishing points, the whole building in frame with air around it, flat neutral pale-grey ground and a plain soft gradient background, soft daylight from the upper left, light shadow on the ground to the lower right. Subject: Mill, a grain or lumber mill, in the Industry district of a fantasy tower town; footprint rectangle with a wheel, sized for a 1-by-1 tile lot. Build: humble village build: rough-sawn weathered dark timber, wattle or simple plank walls, mossy thatch or split-shingle roof, one small window, a plain door, no ornament. Distinctive features: a large wooden waterwheel or windmill sails, a loading dock, sacks and planks stacked outside. Materials read clearly as a game asset reference: distinct wall, trim and roof colours, clean silhouette, no clutter beyond the features listed. No text, no letters, no numbers, no signs with writing, no watermark, no logo, no frame or border, no UI, no people, no cropped walls or roofs, no photorealism, no fisheye, no extreme perspective."
TownPrompts/industry/mill/mill_cb.png,industry,mill,C-B,2,1536x1152,False,mill_fd.png,"High-end Korean fantasy RPG and gacha illustration, polished hand-painted anime rendering, crisp clean linework, rich dimensional cel shading, luminous material highlights, cohesive Adams Haven world palette of dark weathered timber, slate and stone with moonlit blue-silver and violet Celestium accents. Isometric three-quarter exterior view of a single building, seen from above at about 35 degrees, turned 45 degrees so two walls show equally, orthographic look with parallel edges and no vanishing points, the whole building in frame with air around it, flat neutral pale-grey ground and a plain soft gradient background, soft daylight from the upper left, light shadow on the ground to the lower right. Subject: Mill, a grain or lumber mill, in the Industry district of a fantasy tower town; footprint rectangle with a wheel, sized for a 2-by-2 tile lot. Build: established town build: fitted dark timber framing over cut slate and stone, a shingled or slate roof with a dormer, glazed leaded windows, a carved lintel, one modest banner pole with a plain cloth banner, small Celestium lantern by the door giving a faint blue-silver glow. Distinctive features: a large wooden waterwheel or windmill sails, a loading dock, sacks and planks stacked outside. Materials read clearly as a game asset reference: distinct wall, trim and roof colours, clean silhouette, no clutter beyond the features listed. No text, no letters, no numbers, no signs with writing, no watermark, no logo, no frame or border, no UI, no people, no cropped walls or roofs, no photorealism, no fisheye, no extreme perspective."
TownPrompts/industry/mill/mill_assr.png,industry,mill,A-SSR,3,1536x1152,False,mill_fd.png,"High-end Korean fantasy RPG and gacha illustration, polished hand-painted anime rendering, crisp clean linework, rich dimensional cel shading, luminous material highlights, cohesive Adams Haven world palette of dark weathered timber, slate and stone with moonlit blue-silver and violet Celestium accents. Isometric three-quarter exterior view of a single building, seen from above at about 35 degrees, turned 45 degrees so two walls show equally, orthographic look with parallel edges and no vanishing points, the whole building in frame with air around it, flat neutral pale-grey ground and a plain soft gradient background, soft daylight from the upper left, light shadow on the ground to the lower right. Subject: Mill, a grain or lumber mill, in the Industry district of a fantasy tower town; footprint rectangle with a wheel, sized for a 3-by-3 tile lot. Build: grand city build: dressed stone and dark polished timber, a tall layered slate roof with finials, large leaded windows, carved stone trim, iron and bronze fittings, several Celestium lanterns and inlaid blue-silver crystal veins glowing softly, a proud silhouette. Distinctive features: a large wooden waterwheel or windmill sails, a loading dock, sacks and planks stacked outside. Materials read clearly as a game asset reference: distinct wall, trim and roof colours, clean silhouette, no clutter beyond the features listed. No text, no letters, no numbers, no signs with writing, no watermark, no logo, no frame or border, no UI, no people, no cropped walls or roofs, no photorealism, no fisheye, no extreme perspective."
TownPrompts/industry/foundry/foundry_fd.png,industry,foundry,F-D,1,1536x1152,False,,"High-end Korean fantasy RPG and gacha illustration, polished hand-painted anime rendering, crisp clean linework, rich dimensional cel shading, luminous material highlights, cohesive Adams Haven world palette of dark weathered timber, slate and stone with moonlit blue-silver and violet Celestium accents. Isometric three-quarter exterior view of a single building, seen from above at about 35 degrees, turned 45 degrees so two walls show equally, orthographic look with parallel edges and no vanishing points, the whole building in frame with air around it, flat neutral pale-grey ground and a plain soft gradient background, soft daylight from the upper left, light shadow on the ground to the lower right. Subject: Foundry, a smithy and foundry, in the Industry district of a fantasy tower town; footprint wide rectangle, sized for a 1-by-1 tile lot. Build: humble village build: rough-sawn weathered dark timber, wattle or simple plank walls, mossy thatch or split-shingle roof, one small window, a plain door, no ornament. Distinctive features: two tall brick chimneys with a soft glow at the vents, an anvil yard, ore carts, an open forge mouth glowing orange. Materials read clearly as a game asset reference: distinct wall, trim and roof colours, clean silhouette, no clutter beyond the features listed. No text, no letters, no numbers, no signs with writing, no watermark, no logo, no frame or border, no UI, no people, no cropped walls or roofs, no photorealism, no fisheye, no extreme perspective."
TownPrompts/industry/foundry/foundry_cb.png,industry,foundry,C-B,2,1536x1152,False,foundry_fd.png,"High-end Korean fantasy RPG and gacha illustration, polished hand-painted anime rendering, crisp clean linework, rich dimensional cel shading, luminous material highlights, cohesive Adams Haven world palette of dark weathered timber, slate and stone with moonlit blue-silver and violet Celestium accents. Isometric three-quarter exterior view of a single building, seen from above at about 35 degrees, turned 45 degrees so two walls show equally, orthographic look with parallel edges and no vanishing points, the whole building in frame with air around it, flat neutral pale-grey ground and a plain soft gradient background, soft daylight from the upper left, light shadow on the ground to the lower right. Subject: Foundry, a smithy and foundry, in the Industry district of a fantasy tower town; footprint wide rectangle, sized for a 2-by-2 tile lot. Build: established town build: fitted dark timber framing over cut slate and stone, a shingled or slate roof with a dormer, glazed leaded windows, a carved lintel, one modest banner pole with a plain cloth banner, small Celestium lantern by the door giving a faint blue-silver glow. Distinctive features: two tall brick chimneys with a soft glow at the vents, an anvil yard, ore carts, an open forge mouth glowing orange. Materials read clearly as a game asset reference: distinct wall, trim and roof colours, clean silhouette, no clutter beyond the features listed. No text, no letters, no numbers, no signs with writing, no watermark, no logo, no frame or border, no UI, no people, no cropped walls or roofs, no photorealism, no fisheye, no extreme perspective."
TownPrompts/industry/foundry/foundry_assr.png,industry,foundry,A-SSR,3,1536x1152,False,foundry_fd.png,"High-end Korean fantasy RPG and gacha illustration, polished hand-painted anime rendering, crisp clean linework, rich dimensional cel shading, luminous material highlights, cohesive Adams Haven world palette of dark weathered timber, slate and stone with moonlit blue-silver and violet Celestium accents. Isometric three-quarter exterior view of a single building, seen from above at about 35 degrees, turned 45 degrees so two walls show equally, orthographic look with parallel edges and no vanishing points, the whole building in frame with air around it, flat neutral pale-grey ground and a plain soft gradient background, soft daylight from the upper left, light shadow on the ground to the lower right. Subject: Foundry, a smithy and foundry, in the Industry district of a fantasy tower town; footprint wide rectangle, sized for a 3-by-3 tile lot. Build: grand city build: dressed stone and dark polished timber, a tall layered slate roof with finials, large leaded windows, carved stone trim, iron and bronze fittings, several Celestium lanterns and inlaid blue-silver crystal veins glowing softly, a proud silhouette. Distinctive features: two tall brick chimneys with a soft glow at the vents, an anvil yard, ore carts, an open forge mouth glowing orange. Materials read clearly as a game asset reference: distinct wall, trim and roof colours, clean silhouette, no clutter beyond the features listed. No text, no letters, no numbers, no signs with writing, no watermark, no logo, no frame or border, no UI, no people, no cropped walls or roofs, no photorealism, no fisheye, no extreme perspective."
TownPrompts/arcane/shrine/shrine_fd.png,arcane,shrine,F-D,1,1536x1152,False,,"High-end Korean fantasy RPG and gacha illustration, polished hand-painted anime rendering, crisp clean linework, rich dimensional cel shading, luminous material highlights, cohesive Adams Haven world palette of dark weathered timber, slate and stone with moonlit blue-silver and violet Celestium accents. Isometric three-quarter exterior view of a single building, seen from above at about 35 degrees, turned 45 degrees so two walls show equally, orthographic look with parallel edges and no vanishing points, the whole building in frame with air around it, flat neutral pale-grey ground and a plain soft gradient background, soft daylight from the upper left, light shadow on the ground to the lower right. Subject: Celestium Shrine, a small shrine to the Heart, in the Arcane (civic) district of a fantasy tower town; footprint small square with steps, sized for a 1-by-1 tile lot. Build: humble village build: rough-sawn weathered dark timber, wattle or simple plank walls, mossy thatch or split-shingle roof, one small window, a plain door, no ornament. Distinctive features: a floating or mounted Celestium crystal, steps up to an open-fronted shrine, hanging silver chimes. Materials read clearly as a game asset reference: distinct wall, trim and roof colours, clean silhouette, no clutter beyond the features listed. No text, no letters, no numbers, no signs with writing, no watermark, no logo, no frame or border, no UI, no people, no cropped walls or roofs, no photorealism, no fisheye, no extreme perspective."
TownPrompts/arcane/shrine/shrine_cb.png,arcane,shrine,C-B,2,1536x1152,False,shrine_fd.png,"High-end Korean fantasy RPG and gacha illustration, polished hand-painted anime rendering, crisp clean linework, rich dimensional cel shading, luminous material highlights, cohesive Adams Haven world palette of dark weathered timber, slate and stone with moonlit blue-silver and violet Celestium accents. Isometric three-quarter exterior view of a single building, seen from above at about 35 degrees, turned 45 degrees so two walls show equally, orthographic look with parallel edges and no vanishing points, the whole building in frame with air around it, flat neutral pale-grey ground and a plain soft gradient background, soft daylight from the upper left, light shadow on the ground to the lower right. Subject: Celestium Shrine, a small shrine to the Heart, in the Arcane (civic) district of a fantasy tower town; footprint small square with steps, sized for a 2-by-2 tile lot. Build: established town build: fitted dark timber framing over cut slate and stone, a shingled or slate roof with a dormer, glazed leaded windows, a carved lintel, one modest banner pole with a plain cloth banner, small Celestium lantern by the door giving a faint blue-silver glow. Distinctive features: a floating or mounted Celestium crystal, steps up to an open-fronted shrine, hanging silver chimes. Materials read clearly as a game asset reference: distinct wall, trim and roof colours, clean silhouette, no clutter beyond the features listed. No text, no letters, no numbers, no signs with writing, no watermark, no logo, no frame or border, no UI, no people, no cropped walls or roofs, no photorealism, no fisheye, no extreme perspective."
TownPrompts/arcane/shrine/shrine_assr.png,arcane,shrine,A-SSR,3,1536x1152,False,shrine_fd.png,"High-end Korean fantasy RPG and gacha illustration, polished hand-painted anime rendering, crisp clean linework, rich dimensional cel shading, luminous material highlights, cohesive Adams Haven world palette of dark weathered timber, slate and stone with moonlit blue-silver and violet Celestium accents. Isometric three-quarter exterior view of a single building, seen from above at about 35 degrees, turned 45 degrees so two walls show equally, orthographic look with parallel edges and no vanishing points, the whole building in frame with air around it, flat neutral pale-grey ground and a plain soft gradient background, soft daylight from the upper left, light shadow on the ground to the lower right. Subject: Celestium Shrine, a small shrine to the Heart, in the Arcane (civic) district of a fantasy tower town; footprint small square with steps, sized for a 3-by-3 tile lot. Build: grand city build: dressed stone and dark polished timber, a tall layered slate roof with finials, large leaded windows, carved stone trim, iron and bronze fittings, several Celestium lanterns and inlaid blue-silver crystal veins glowing softly, a proud silhouette. Distinctive features: a floating or mounted Celestium crystal, steps up to an open-fronted shrine, hanging silver chimes. Materials read clearly as a game asset reference: distinct wall, trim and roof colours, clean silhouette, no clutter beyond the features listed. No text, no letters, no numbers, no signs with writing, no watermark, no logo, no frame or border, no UI, no people, no cropped walls or roofs, no photorealism, no fisheye, no extreme perspective."
TownPrompts/arcane/library/library_fd.png,arcane,library,F-D,1,1536x1152,False,,"High-end Korean fantasy RPG and gacha illustration, polished hand-painted anime rendering, crisp clean linework, rich dimensional cel shading, luminous material highlights, cohesive Adams Haven world palette of dark weathered timber, slate and stone with moonlit blue-silver and violet Celestium accents. Isometric three-quarter exterior view of a single building, seen from above at about 35 degrees, turned 45 degrees so two walls show equally, orthographic look with parallel edges and no vanishing points, the whole building in frame with air around it, flat neutral pale-grey ground and a plain soft gradient background, soft daylight from the upper left, light shadow on the ground to the lower right. Subject: Library, a library and study hall, in the Arcane (civic) district of a fantasy tower town; footprint rectangle with a round reading tower, sized for a 1-by-1 tile lot. Build: humble village build: rough-sawn weathered dark timber, wattle or simple plank walls, mossy thatch or split-shingle roof, one small window, a plain door, no ornament. Distinctive features: tall narrow windows, a round reading tower with a conical roof, a sundial or orrery in the yard. Materials read clearly as a game asset reference: distinct wall, trim and roof colours, clean silhouette, no clutter beyond the features listed. No text, no letters, no numbers, no signs with writing, no watermark, no logo, no frame or border, no UI, no people, no cropped walls or roofs, no photorealism, no fisheye, no extreme perspective."
TownPrompts/arcane/library/library_cb.png,arcane,library,C-B,2,1536x1152,False,library_fd.png,"High-end Korean fantasy RPG and gacha illustration, polished hand-painted anime rendering, crisp clean linework, rich dimensional cel shading, luminous material highlights, cohesive Adams Haven world palette of dark weathered timber, slate and stone with moonlit blue-silver and violet Celestium accents. Isometric three-quarter exterior view of a single building, seen from above at about 35 degrees, turned 45 degrees so two walls show equally, orthographic look with parallel edges and no vanishing points, the whole building in frame with air around it, flat neutral pale-grey ground and a plain soft gradient background, soft daylight from the upper left, light shadow on the ground to the lower right. Subject: Library, a library and study hall, in the Arcane (civic) district of a fantasy tower town; footprint rectangle with a round reading tower, sized for a 2-by-2 tile lot. Build: established town build: fitted dark timber framing over cut slate and stone, a shingled or slate roof with a dormer, glazed leaded windows, a carved lintel, one modest banner pole with a plain cloth banner, small Celestium lantern by the door giving a faint blue-silver glow. Distinctive features: tall narrow windows, a round reading tower with a conical roof, a sundial or orrery in the yard. Materials read clearly as a game asset reference: distinct wall, trim and roof colours, clean silhouette, no clutter beyond the features listed. No text, no letters, no numbers, no signs with writing, no watermark, no logo, no frame or border, no UI, no people, no cropped walls or roofs, no photorealism, no fisheye, no extreme perspective."
TownPrompts/arcane/library/library_assr.png,arcane,library,A-SSR,3,1536x1152,False,library_fd.png,"High-end Korean fantasy RPG and gacha illustration, polished hand-painted anime rendering, crisp clean linework, rich dimensional cel shading, luminous material highlights, cohesive Adams Haven world palette of dark weathered timber, slate and stone with moonlit blue-silver and violet Celestium accents. Isometric three-quarter exterior view of a single building, seen from above at about 35 degrees, turned 45 degrees so two walls show equally, orthographic look with parallel edges and no vanishing points, the whole building in frame with air around it, flat neutral pale-grey ground and a plain soft gradient background, soft daylight from the upper left, light shadow on the ground to the lower right. Subject: Library, a library and study hall, in the Arcane (civic) district of a fantasy tower town; footprint rectangle with a round reading tower, sized for a 3-by-3 tile lot. Build: grand city build: dressed stone and dark polished timber, a tall layered slate roof with finials, large leaded windows, carved stone trim, iron and bronze fittings, several Celestium lanterns and inlaid blue-silver crystal veins glowing softly, a proud silhouette. Distinctive features: tall narrow windows, a round reading tower with a conical roof, a sundial or orrery in the yard. Materials read clearly as a game asset reference: distinct wall, trim and roof colours, clean silhouette, no clutter beyond the features listed. No text, no letters, no numbers, no signs with writing, no watermark, no logo, no frame or border, no UI, no people, no cropped walls or roofs, no photorealism, no fisheye, no extreme perspective."
TownPrompts/arcane/bathhouse/bathhouse_fd.png,arcane,bathhouse,F-D,1,1536x1152,False,,"High-end Korean fantasy RPG and gacha illustration, polished hand-painted anime rendering, crisp clean linework, rich dimensional cel shading, luminous material highlights, cohesive Adams Haven world palette of dark weathered timber, slate and stone with moonlit blue-silver and violet Celestium accents. Isometric three-quarter exterior view of a single building, seen from above at about 35 degrees, turned 45 degrees so two walls show equally, orthographic look with parallel edges and no vanishing points, the whole building in frame with air around it, flat neutral pale-grey ground and a plain soft gradient background, soft daylight from the upper left, light shadow on the ground to the lower right. Subject: Bathhouse, a public bathhouse, in the Arcane (civic) district of a fantasy tower town; footprint square with a courtyard pool, sized for a 1-by-1 tile lot. Build: humble village build: rough-sawn weathered dark timber, wattle or simple plank walls, mossy thatch or split-shingle roof, one small window, a plain door, no ornament. Distinctive features: a domed roof with steam vents, a tiled courtyard pool visible through an arch, warm lantern light. Materials read clearly as a game asset reference: distinct wall, trim and roof colours, clean silhouette, no clutter beyond the features listed. No text, no letters, no numbers, no signs with writing, no watermark, no logo, no frame or border, no UI, no people, no cropped walls or roofs, no photorealism, no fisheye, no extreme perspective."
TownPrompts/arcane/bathhouse/bathhouse_cb.png,arcane,bathhouse,C-B,2,1536x1152,False,bathhouse_fd.png,"High-end Korean fantasy RPG and gacha illustration, polished hand-painted anime rendering, crisp clean linework, rich dimensional cel shading, luminous material highlights, cohesive Adams Haven world palette of dark weathered timber, slate and stone with moonlit blue-silver and violet Celestium accents. Isometric three-quarter exterior view of a single building, seen from above at about 35 degrees, turned 45 degrees so two walls show equally, orthographic look with parallel edges and no vanishing points, the whole building in frame with air around it, flat neutral pale-grey ground and a plain soft gradient background, soft daylight from the upper left, light shadow on the ground to the lower right. Subject: Bathhouse, a public bathhouse, in the Arcane (civic) district of a fantasy tower town; footprint square with a courtyard pool, sized for a 2-by-2 tile lot. Build: established town build: fitted dark timber framing over cut slate and stone, a shingled or slate roof with a dormer, glazed leaded windows, a carved lintel, one modest banner pole with a plain cloth banner, small Celestium lantern by the door giving a faint blue-silver glow. Distinctive features: a domed roof with steam vents, a tiled courtyard pool visible through an arch, warm lantern light. Materials read clearly as a game asset reference: distinct wall, trim and roof colours, clean silhouette, no clutter beyond the features listed. No text, no letters, no numbers, no signs with writing, no watermark, no logo, no frame or border, no UI, no people, no cropped walls or roofs, no photorealism, no fisheye, no extreme perspective."
TownPrompts/arcane/bathhouse/bathhouse_assr.png,arcane,bathhouse,A-SSR,3,1536x1152,False,bathhouse_fd.png,"High-end Korean fantasy RPG and gacha illustration, polished hand-painted anime rendering, crisp clean linework, rich dimensional cel shading, luminous material highlights, cohesive Adams Haven world palette of dark weathered timber, slate and stone with moonlit blue-silver and violet Celestium accents. Isometric three-quarter exterior view of a single building, seen from above at about 35 degrees, turned 45 degrees so two walls show equally, orthographic look with parallel edges and no vanishing points, the whole building in frame with air around it, flat neutral pale-grey ground and a plain soft gradient background, soft daylight from the upper left, light shadow on the ground to the lower right. Subject: Bathhouse, a public bathhouse, in the Arcane (civic) district of a fantasy tower town; footprint square with a courtyard pool, sized for a 3-by-3 tile lot. Build: grand city build: dressed stone and dark polished timber, a tall layered slate roof with finials, large leaded windows, carved stone trim, iron and bronze fittings, several Celestium lanterns and inlaid blue-silver crystal veins glowing softly, a proud silhouette. Distinctive features: a domed roof with steam vents, a tiled courtyard pool visible through an arch, warm lantern light. Materials read clearly as a game asset reference: distinct wall, trim and roof colours, clean silhouette, no clutter beyond the features listed. No text, no letters, no numbers, no signs with writing, no watermark, no logo, no frame or border, no UI, no people, no cropped walls or roofs, no photorealism, no fisheye, no extreme perspective."
TownPrompts/defence/gatehouse/gatehouse_fd.png,defence,gatehouse,F-D,1,1536x1152,False,,"High-end Korean fantasy RPG and gacha illustration, polished hand-painted anime rendering, crisp clean linework, rich dimensional cel shading, luminous material highlights, cohesive Adams Haven world palette of dark weathered timber, slate and stone with moonlit blue-silver and violet Celestium accents. Isometric three-quarter exterior view of a single building, seen from above at about 35 degrees, turned 45 degrees so two walls show equally, orthographic look with parallel edges and no vanishing points, the whole building in frame with air around it, flat neutral pale-grey ground and a plain soft gradient background, soft daylight from the upper left, light shadow on the ground to the lower right. Subject: Gatehouse, a town gatehouse on the ring road, in the Defence district of a fantasy tower town; footprint rectangle spanning a road, sized for a 1-by-1 tile lot. Build: humble village build: rough-sawn weathered dark timber, wattle or simple plank walls, mossy thatch or split-shingle roof, one small window, a plain door, no ornament. Distinctive features: an arched passage for the road through it, a portcullis, two short flanking towers, a walkway. Materials read clearly as a game asset reference: distinct wall, trim and roof colours, clean silhouette, no clutter beyond the features listed. No text, no letters, no numbers, no signs with writing, no watermark, no logo, no frame or border, no UI, no people, no cropped walls or roofs, no photorealism, no fisheye, no extreme perspective."
TownPrompts/defence/gatehouse/gatehouse_cb.png,defence,gatehouse,C-B,2,1536x1152,False,gatehouse_fd.png,"High-end Korean fantasy RPG and gacha illustration, polished hand-painted anime rendering, crisp clean linework, rich dimensional cel shading, luminous material highlights, cohesive Adams Haven world palette of dark weathered timber, slate and stone with moonlit blue-silver and violet Celestium accents. Isometric three-quarter exterior view of a single building, seen from above at about 35 degrees, turned 45 degrees so two walls show equally, orthographic look with parallel edges and no vanishing points, the whole building in frame with air around it, flat neutral pale-grey ground and a plain soft gradient background, soft daylight from the upper left, light shadow on the ground to the lower right. Subject: Gatehouse, a town gatehouse on the ring road, in the Defence district of a fantasy tower town; footprint rectangle spanning a road, sized for a 2-by-2 tile lot. Build: established town build: fitted dark timber framing over cut slate and stone, a shingled or slate roof with a dormer, glazed leaded windows, a carved lintel, one modest banner pole with a plain cloth banner, small Celestium lantern by the door giving a faint blue-silver glow. Distinctive features: an arched passage for the road through it, a portcullis, two short flanking towers, a walkway. Materials read clearly as a game asset reference: distinct wall, trim and roof colours, clean silhouette, no clutter beyond the features listed. No text, no letters, no numbers, no signs with writing, no watermark, no logo, no frame or border, no UI, no people, no cropped walls or roofs, no photorealism, no fisheye, no extreme perspective."
TownPrompts/defence/gatehouse/gatehouse_assr.png,defence,gatehouse,A-SSR,3,1536x1152,False,gatehouse_fd.png,"High-end Korean fantasy RPG and gacha illustration, polished hand-painted anime rendering, crisp clean linework, rich dimensional cel shading, luminous material highlights, cohesive Adams Haven world palette of dark weathered timber, slate and stone with moonlit blue-silver and violet Celestium accents. Isometric three-quarter exterior view of a single building, seen from above at about 35 degrees, turned 45 degrees so two walls show equally, orthographic look with parallel edges and no vanishing points, the whole building in frame with air around it, flat neutral pale-grey ground and a plain soft gradient background, soft daylight from the upper left, light shadow on the ground to the lower right. Subject: Gatehouse, a town gatehouse on the ring road, in the Defence district of a fantasy tower town; footprint rectangle spanning a road, sized for a 3-by-3 tile lot. Build: grand city build: dressed stone and dark polished timber, a tall layered slate roof with finials, large leaded windows, carved stone trim, iron and bronze fittings, several Celestium lanterns and inlaid blue-silver crystal veins glowing softly, a proud silhouette. Distinctive features: an arched passage for the road through it, a portcullis, two short flanking towers, a walkway. Materials read clearly as a game asset reference: distinct wall, trim and roof colours, clean silhouette, no clutter beyond the features listed. No text, no letters, no numbers, no signs with writing, no watermark, no logo, no frame or border, no UI, no people, no cropped walls or roofs, no photorealism, no fisheye, no extreme perspective."
TownPrompts/defence/wallsegment/wallsegment_fd.png,defence,wallsegment,F-D,1,1536x1152,False,,"High-end Korean fantasy RPG and gacha illustration, polished hand-painted anime rendering, crisp clean linework, rich dimensional cel shading, luminous material highlights, cohesive Adams Haven world palette of dark weathered timber, slate and stone with moonlit blue-silver and violet Celestium accents. Isometric three-quarter exterior view of a single building, seen from above at about 35 degrees, turned 45 degrees so two walls show equally, orthographic look with parallel edges and no vanishing points, the whole building in frame with air around it, flat neutral pale-grey ground and a plain soft gradient background, soft daylight from the upper left, light shadow on the ground to the lower right. Subject: Wall Segment, a straight stretch of town wall, in the Defence district of a fantasy tower town; footprint long thin rectangle, sized for a 1-by-1 tile lot. Build: humble village build: rough-sawn weathered dark timber, wattle or simple plank walls, mossy thatch or split-shingle roof, one small window, a plain door, no ornament. Distinctive features: a crenellated parapet, a walkway, one small buttress, torch brackets. Materials read clearly as a game asset reference: distinct wall, trim and roof colours, clean silhouette, no clutter beyond the features listed. No text, no letters, no numbers, no signs with writing, no watermark, no logo, no frame or border, no UI, no people, no cropped walls or roofs, no photorealism, no fisheye, no extreme perspective."
TownPrompts/defence/wallsegment/wallsegment_cb.png,defence,wallsegment,C-B,2,1536x1152,False,wallsegment_fd.png,"High-end Korean fantasy RPG and gacha illustration, polished hand-painted anime rendering, crisp clean linework, rich dimensional cel shading, luminous material highlights, cohesive Adams Haven world palette of dark weathered timber, slate and stone with moonlit blue-silver and violet Celestium accents. Isometric three-quarter exterior view of a single building, seen from above at about 35 degrees, turned 45 degrees so two walls show equally, orthographic look with parallel edges and no vanishing points, the whole building in frame with air around it, flat neutral pale-grey ground and a plain soft gradient background, soft daylight from the upper left, light shadow on the ground to the lower right. Subject: Wall Segment, a straight stretch of town wall, in the Defence district of a fantasy tower town; footprint long thin rectangle, sized for a 2-by-2 tile lot. Build: established town build: fitted dark timber framing over cut slate and stone, a shingled or slate roof with a dormer, glazed leaded windows, a carved lintel, one modest banner pole with a plain cloth banner, small Celestium lantern by the door giving a faint blue-silver glow. Distinctive features: a crenellated parapet, a walkway, one small buttress, torch brackets. Materials read clearly as a game asset reference: distinct wall, trim and roof colours, clean silhouette, no clutter beyond the features listed. No text, no letters, no numbers, no signs with writing, no watermark, no logo, no frame or border, no UI, no people, no cropped walls or roofs, no photorealism, no fisheye, no extreme perspective."
TownPrompts/defence/wallsegment/wallsegment_assr.png,defence,wallsegment,A-SSR,3,1536x1152,False,wallsegment_fd.png,"High-end Korean fantasy RPG and gacha illustration, polished hand-painted anime rendering, crisp clean linework, rich dimensional cel shading, luminous material highlights, cohesive Adams Haven world palette of dark weathered timber, slate and stone with moonlit blue-silver and violet Celestium accents. Isometric three-quarter exterior view of a single building, seen from above at about 35 degrees, turned 45 degrees so two walls show equally, orthographic look with parallel edges and no vanishing points, the whole building in frame with air around it, flat neutral pale-grey ground and a plain soft gradient background, soft daylight from the upper left, light shadow on the ground to the lower right. Subject: Wall Segment, a straight stretch of town wall, in the Defence district of a fantasy tower town; footprint long thin rectangle, sized for a 3-by-3 tile lot. Build: grand city build: dressed stone and dark polished timber, a tall layered slate roof with finials, large leaded windows, carved stone trim, iron and bronze fittings, several Celestium lanterns and inlaid blue-silver crystal veins glowing softly, a proud silhouette. Distinctive features: a crenellated parapet, a walkway, one small buttress, torch brackets. Materials read clearly as a game asset reference: distinct wall, trim and roof colours, clean silhouette, no clutter beyond the features listed. No text, no letters, no numbers, no signs with writing, no watermark, no logo, no frame or border, no UI, no people, no cropped walls or roofs, no photorealism, no fisheye, no extreme perspective."
TownPrompts/defence/watchtower/watchtower_fd.png,defence,watchtower,F-D,1,1536x1152,False,,"High-end Korean fantasy RPG and gacha illustration, polished hand-painted anime rendering, crisp clean linework, rich dimensional cel shading, luminous material highlights, cohesive Adams Haven world palette of dark weathered timber, slate and stone with moonlit blue-silver and violet Celestium accents. Isometric three-quarter exterior view of a single building, seen from above at about 35 degrees, turned 45 degrees so two walls show equally, orthographic look with parallel edges and no vanishing points, the whole building in frame with air around it, flat neutral pale-grey ground and a plain soft gradient background, soft daylight from the upper left, light shadow on the ground to the lower right. Subject: Watchtower, a watchtower, in the Defence district of a fantasy tower town; footprint small square, tall, sized for a 1-by-1 tile lot. Build: humble village build: rough-sawn weathered dark timber, wattle or simple plank walls, mossy thatch or split-shingle roof, one small window, a plain door, no ornament. Distinctive features: a tall slender tower with a lookout platform, a brazier on top, arrow slits. Materials read clearly as a game asset reference: distinct wall, trim and roof colours, clean silhouette, no clutter beyond the features listed. No text, no letters, no numbers, no signs with writing, no watermark, no logo, no frame or border, no UI, no people, no cropped walls or roofs, no photorealism, no fisheye, no extreme perspective."
TownPrompts/defence/watchtower/watchtower_cb.png,defence,watchtower,C-B,2,1536x1152,False,watchtower_fd.png,"High-end Korean fantasy RPG and gacha illustration, polished hand-painted anime rendering, crisp clean linework, rich dimensional cel shading, luminous material highlights, cohesive Adams Haven world palette of dark weathered timber, slate and stone with moonlit blue-silver and violet Celestium accents. Isometric three-quarter exterior view of a single building, seen from above at about 35 degrees, turned 45 degrees so two walls show equally, orthographic look with parallel edges and no vanishing points, the whole building in frame with air around it, flat neutral pale-grey ground and a plain soft gradient background, soft daylight from the upper left, light shadow on the ground to the lower right. Subject: Watchtower, a watchtower, in the Defence district of a fantasy tower town; footprint small square, tall, sized for a 2-by-2 tile lot. Build: established town build: fitted dark timber framing over cut slate and stone, a shingled or slate roof with a dormer, glazed leaded windows, a carved lintel, one modest banner pole with a plain cloth banner, small Celestium lantern by the door giving a faint blue-silver glow. Distinctive features: a tall slender tower with a lookout platform, a brazier on top, arrow slits. Materials read clearly as a game asset reference: distinct wall, trim and roof colours, clean silhouette, no clutter beyond the features listed. No text, no letters, no numbers, no signs with writing, no watermark, no logo, no frame or border, no UI, no people, no cropped walls or roofs, no photorealism, no fisheye, no extreme perspective."
TownPrompts/defence/watchtower/watchtower_assr.png,defence,watchtower,A-SSR,3,1536x1152,False,watchtower_fd.png,"High-end Korean fantasy RPG and gacha illustration, polished hand-painted anime rendering, crisp clean linework, rich dimensional cel shading, luminous material highlights, cohesive Adams Haven world palette of dark weathered timber, slate and stone with moonlit blue-silver and violet Celestium accents. Isometric three-quarter exterior view of a single building, seen from above at about 35 degrees, turned 45 degrees so two walls show equally, orthographic look with parallel edges and no vanishing points, the whole building in frame with air around it, flat neutral pale-grey ground and a plain soft gradient background, soft daylight from the upper left, light shadow on the ground to the lower right. Subject: Watchtower, a watchtower, in the Defence district of a fantasy tower town; footprint small square, tall, sized for a 3-by-3 tile lot. Build: grand city build: dressed stone and dark polished timber, a tall layered slate roof with finials, large leaded windows, carved stone trim, iron and bronze fittings, several Celestium lanterns and inlaid blue-silver crystal veins glowing softly, a proud silhouette. Distinctive features: a tall slender tower with a lookout platform, a brazier on top, arrow slits. Materials read clearly as a game asset reference: distinct wall, trim and roof colours, clean silhouette, no clutter beyond the features listed. No text, no letters, no numbers, no signs with writing, no watermark, no logo, no frame or border, no UI, no people, no cropped walls or roofs, no photorealism, no fisheye, no extreme perspective."
TownPrompts/tower/tower_fd.png,tower,tower,F-D,5,1152x1536,False,,"High-end Korean fantasy RPG and gacha illustration, polished hand-painted anime rendering, crisp clean linework, rich dimensional cel shading, luminous material highlights, cohesive Adams Haven world palette of dark weathered timber, slate and stone with moonlit blue-silver and violet Celestium accents. Isometric three-quarter exterior view of a single tall tower, seen from above at about 35 degrees, turned 45 degrees so two walls show equally, orthographic look with parallel edges and no vanishing points, the whole building in frame with air around it, flat neutral pale-grey ground and a plain soft gradient background, soft daylight from the upper left, light shadow on the ground to the lower right. Subject: the Celestium Heart's tower at the centre of a fantasy tower town, a young tower: a squat five-storey stone keep of dark fitted stone with a timber top floor, two arched gates facing left and right, a small dim blue crystal at its crown. Dark weathered timber, slate and fitted stone; blue-silver and violet Celestium light. No text, no letters, no numbers, no signs with writing, no watermark, no logo, no frame or border, no UI, no people, no cropped walls or roofs, no photorealism, no fisheye, no extreme perspective."
TownPrompts/tower/tower_cb.png,tower,tower,C-B,5,1152x1536,False,tower_fd.png,"High-end Korean fantasy RPG and gacha illustration, polished hand-painted anime rendering, crisp clean linework, rich dimensional cel shading, luminous material highlights, cohesive Adams Haven world palette of dark weathered timber, slate and stone with moonlit blue-silver and violet Celestium accents. Isometric three-quarter exterior view of a single tall tower, seen from above at about 35 degrees, turned 45 degrees so two walls show equally, orthographic look with parallel edges and no vanishing points, the whole building in frame with air around it, flat neutral pale-grey ground and a plain soft gradient background, soft daylight from the upper left, light shadow on the ground to the lower right. Subject: the Celestium Heart's tower at the centre of a fantasy tower town, a grown tower: a twelve-storey keep of dark dressed stone banded with timber galleries, two fortified gates with portcullises facing left and right, a bright blue-silver Celestium crystal shining at its crown. Dark weathered timber, slate and fitted stone; blue-silver and violet Celestium light. No text, no letters, no numbers, no signs with writing, no watermark, no logo, no frame or border, no UI, no people, no cropped walls or roofs, no photorealism, no fisheye, no extreme perspective."
TownPrompts/tower/tower_assr.png,tower,tower,A-SSR,5,1152x1536,False,tower_fd.png,"High-end Korean fantasy RPG and gacha illustration, polished hand-painted anime rendering, crisp clean linework, rich dimensional cel shading, luminous material highlights, cohesive Adams Haven world palette of dark weathered timber, slate and stone with moonlit blue-silver and violet Celestium accents. Isometric three-quarter exterior view of a single tall tower, seen from above at about 35 degrees, turned 45 degrees so two walls show equally, orthographic look with parallel edges and no vanishing points, the whole building in frame with air around it, flat neutral pale-grey ground and a plain soft gradient background, soft daylight from the upper left, light shadow on the ground to the lower right. Subject: the Celestium Heart's tower at the centre of a fantasy tower town, a great tower: a soaring twenty-storey keep of dark stone and polished timber with buttresses and lantern galleries, grand twin gates facing left and right, a huge radiant blue-violet Celestium crystal at its crown with light spilling down the walls. Dark weathered timber, slate and fitted stone; blue-silver and violet Celestium light. No text, no letters, no numbers, no signs with writing, no watermark, no logo, no frame or border, no UI, no people, no cropped walls or roofs, no photorealism, no fisheye, no extreme perspective."
