id,name,rank,start_frame,end_frame,output,aspect,seconds,prompt
F-1,Pip Thistlewick,F,_summon/summon-burst-F.png,F-1_pip-thistlewick_summon-reveal.png,F-1_pip-thistlewick_summon-video.mp4,9:16,5,"Vertical 9:16 anime fantasy summon cinematic, 5 seconds, hand-painted 2D look, no text. Start from the dull silver-white rank burst keyframe and end on the reveal still of Pip Thistlewick. 0-1.5 s: the Celestium Heart pulses and a thin soft glow, a few dust motes, quiet and plain blooms, camera pushes in slowly. 1.5-3 s: the light column parts and Pip Thistlewick steps forward out of it, hair and cloth moving in the updraft, Earth effects (stone shards, crystals) in amber, moss green, slate swirling around the figure. 3-5 s: Pip Thistlewick raises the focus item with a sly confident flourish, camera eases to a stable hero framing, the light settles into a soft glow with drifting motes. Keep the face, outfit and proportions identical to the reference, no morphing, no extra limbs, no new characters, smooth easing, final frame matches the reveal still."
F-2,Bram Oakhelm,F,_summon/summon-burst-F.png,F-2_bram-oakhelm_summon-reveal.png,F-2_bram-oakhelm_summon-video.mp4,9:16,5,"Vertical 9:16 anime fantasy summon cinematic, 5 seconds, hand-painted 2D look, no text. Start from the dull silver-white rank burst keyframe and end on the reveal still of Bram Oakhelm. 0-1.5 s: the Celestium Heart pulses and a thin soft glow, a few dust motes, quiet and plain blooms, camera pushes in slowly. 1.5-3 s: the light column parts and Bram Oakhelm steps forward out of it, hair and cloth moving in the updraft, Water effects (ribbons of water, bubbles) in aqua, deep blue, pearl swirling around the figure. 3-5 s: Bram Oakhelm plants their feet and braces with a steady, protective stance, camera eases to a stable hero framing, the light settles into a soft glow with drifting motes. Keep the face, outfit and proportions identical to the reference, no morphing, no extra limbs, no new characters, smooth easing, final frame matches the reveal still."
F-3,Tilly Nettlebright,F,_summon/summon-burst-F.png,F-3_tilly-nettlebright_summon-reveal.png,F-3_tilly-nettlebright_summon-video.mp4,9:16,5,"Vertical 9:16 anime fantasy summon cinematic, 5 seconds, hand-painted 2D look, no text. Start from the dull silver-white rank burst keyframe and end on the reveal still of Tilly Nettlebright. 0-1.5 s: the Celestium Heart pulses and a thin soft glow, a few dust motes, quiet and plain blooms, camera pushes in slowly. 1.5-3 s: the light column parts and Tilly Nettlebright steps forward out of it, hair and cloth moving in the updraft, Wind effects (spiraling leaves, gust lines) in teal, pale green, silver swirling around the figure. 3-5 s: Tilly Nettlebright snaps into a sharp ready stance with a quick flourish of the weapon, camera eases to a stable hero framing, the light settles into a soft glow with drifting motes. Keep the face, outfit and proportions identical to the reference, no morphing, no extra limbs, no new characters, smooth easing, final frame matches the reveal still."
F-4,Rook Emberwick,F,_summon/summon-burst-F.png,F-4_rook-emberwick_summon-reveal.png,F-4_rook-emberwick_summon-video.mp4,9:16,5,"Vertical 9:16 anime fantasy summon cinematic, 5 seconds, hand-painted 2D look, no text. Start from the dull silver-white rank burst keyframe and end on the reveal still of Rook Emberwick. 0-1.5 s: the Celestium Heart pulses and a thin soft glow, a few dust motes, quiet and plain blooms, camera pushes in slowly. 1.5-3 s: the light column parts and Rook Emberwick steps forward out of it, hair and cloth moving in the updraft, Fire effects (embers, flame ribbons) in ember red, orange, gold swirling around the figure. 3-5 s: Rook Emberwick opens one hand in a warm welcoming gesture, camera eases to a stable hero framing, the light settles into a soft glow with drifting motes. Keep the face, outfit and proportions identical to the reference, no morphing, no extra limbs, no new characters, smooth easing, final frame matches the reveal still."
E-1,Zippa Sparkwhisker,E,_summon/summon-burst-E.png,E-1_zippa-sparkwhisker_summon-reveal.png,E-1_zippa-sparkwhisker_summon-video.mp4,9:16,5,"Vertical 9:16 anime fantasy summon cinematic, 5 seconds, hand-painted 2D look, no text. Start from the pale mint-white rank burst keyframe and end on the reveal still of Zippa Sparkwhisker. 0-1.5 s: the Celestium Heart pulses and a small gentle bloom of light and a few drifting sparks blooms, camera pushes in slowly. 1.5-3 s: the light column parts and Zippa Sparkwhisker steps forward out of it, hair and cloth moving in the updraft, Lightning effects (branching arcs, static sparks) in electric yellow, cyan, indigo swirling around the figure. 3-5 s: Zippa Sparkwhisker snaps into a sharp ready stance with a quick flourish of the weapon, camera eases to a stable hero framing, the light settles into a soft glow with drifting motes. Keep the face, outfit and proportions identical to the reference, no morphing, no extra limbs, no new characters, smooth easing, final frame matches the reveal still."
E-2,Sister Calla Dawnmend,E,_summon/summon-burst-E.png,E-2_sister-calla-dawnmend_summon-reveal.png,E-2_sister-calla-dawnmend_summon-video.mp4,9:16,5,"Vertical 9:16 anime fantasy summon cinematic, 5 seconds, hand-painted 2D look, no text. Start from the pale mint-white rank burst keyframe and end on the reveal still of Sister Calla Dawnmend. 0-1.5 s: the Celestium Heart pulses and a small gentle bloom of light and a few drifting sparks blooms, camera pushes in slowly. 1.5-3 s: the light column parts and Sister Calla Dawnmend steps forward out of it, hair and cloth moving in the updraft, Light effects (sun motes, feather-like light) in warm gold, white, soft rose swirling around the figure. 3-5 s: Sister Calla Dawnmend opens one hand in a warm welcoming gesture, camera eases to a stable hero framing, the light settles into a soft glow with drifting motes. Keep the face, outfit and proportions identical to the reference, no morphing, no extra limbs, no new characters, smooth easing, final frame matches the reveal still."
E-3,Mordecai Gloam,E,_summon/summon-burst-E.png,E-3_mordecai-gloam_summon-reveal.png,E-3_mordecai-gloam_summon-video.mp4,9:16,5,"Vertical 9:16 anime fantasy summon cinematic, 5 seconds, hand-painted 2D look, no text. Start from the pale mint-white rank burst keyframe and end on the reveal still of Mordecai Gloam. 0-1.5 s: the Celestium Heart pulses and a small gentle bloom of light and a few drifting sparks blooms, camera pushes in slowly. 1.5-3 s: the light column parts and Mordecai Gloam steps forward out of it, hair and cloth moving in the updraft, Dark effects (shadow smoke, star specks) in violet, black, magenta swirling around the figure. 3-5 s: Mordecai Gloam raises the focus item with a sly confident flourish, camera eases to a stable hero framing, the light settles into a soft glow with drifting motes. Keep the face, outfit and proportions identical to the reference, no morphing, no extra limbs, no new characters, smooth easing, final frame matches the reveal still."
E-4,Ulric Cairnbreaker,E,_summon/summon-burst-E.png,E-4_ulric-cairnbreaker_summon-reveal.png,E-4_ulric-cairnbreaker_summon-video.mp4,9:16,5,"Vertical 9:16 anime fantasy summon cinematic, 5 seconds, hand-painted 2D look, no text. Start from the pale mint-white rank burst keyframe and end on the reveal still of Ulric Cairnbreaker. 0-1.5 s: the Celestium Heart pulses and a small gentle bloom of light and a few drifting sparks blooms, camera pushes in slowly. 1.5-3 s: the light column parts and Ulric Cairnbreaker steps forward out of it, hair and cloth moving in the updraft, Earth effects (stone shards, crystals) in amber, moss green, slate swirling around the figure. 3-5 s: Ulric Cairnbreaker plants their feet and braces with a steady, protective stance, camera eases to a stable hero framing, the light settles into a soft glow with drifting motes. Keep the face, outfit and proportions identical to the reference, no morphing, no extra limbs, no new characters, smooth easing, final frame matches the reveal still."
D-1,Ashlyn Cinderbraid,D,_summon/summon-burst-D.png,D-1_ashlyn-cinderbraid_summon-reveal.png,D-1_ashlyn-cinderbraid_summon-video.mp4,9:16,5,"Vertical 9:16 anime fantasy summon cinematic, 5 seconds, hand-painted 2D look, no text. Start from the clear teal-blue rank burst keyframe and end on the reveal still of Ashlyn Cinderbraid. 0-1.5 s: the Celestium Heart pulses and a modest ring of light and a rising spray of sparks blooms, camera pushes in slowly. 1.5-3 s: the light column parts and Ashlyn Cinderbraid steps forward out of it, hair and cloth moving in the updraft, Fire effects (embers, flame ribbons) in ember red, orange, gold swirling around the figure. 3-5 s: Ashlyn Cinderbraid snaps into a sharp ready stance with a quick flourish of the weapon, camera eases to a stable hero framing, the light settles into a soft glow with drifting motes. Keep the face, outfit and proportions identical to the reference, no morphing, no extra limbs, no new characters, smooth easing, final frame matches the reveal still."
D-2,Juniper Gale,D,_summon/summon-burst-D.png,D-2_juniper-gale_summon-reveal.png,D-2_juniper-gale_summon-video.mp4,9:16,5,"Vertical 9:16 anime fantasy summon cinematic, 5 seconds, hand-painted 2D look, no text. Start from the clear teal-blue rank burst keyframe and end on the reveal still of Juniper Gale. 0-1.5 s: the Celestium Heart pulses and a modest ring of light and a rising spray of sparks blooms, camera pushes in slowly. 1.5-3 s: the light column parts and Juniper Gale steps forward out of it, hair and cloth moving in the updraft, Wind effects (spiraling leaves, gust lines) in teal, pale green, silver swirling around the figure. 3-5 s: Juniper Gale raises the focus item with a sly confident flourish, camera eases to a stable hero framing, the light settles into a soft glow with drifting motes. Keep the face, outfit and proportions identical to the reference, no morphing, no extra limbs, no new characters, smooth easing, final frame matches the reveal still."
D-3,Tarn Deepcurrent,D,_summon/summon-burst-D.png,D-3_tarn-deepcurrent_summon-reveal.png,D-3_tarn-deepcurrent_summon-video.mp4,9:16,5,"Vertical 9:16 anime fantasy summon cinematic, 5 seconds, hand-painted 2D look, no text. Start from the clear teal-blue rank burst keyframe and end on the reveal still of Tarn Deepcurrent. 0-1.5 s: the Celestium Heart pulses and a modest ring of light and a rising spray of sparks blooms, camera pushes in slowly. 1.5-3 s: the light column parts and Tarn Deepcurrent steps forward out of it, hair and cloth moving in the updraft, Water effects (ribbons of water, bubbles) in aqua, deep blue, pearl swirling around the figure. 3-5 s: Tarn Deepcurrent plants their feet and braces with a steady, protective stance, camera eases to a stable hero framing, the light settles into a soft glow with drifting motes. Keep the face, outfit and proportions identical to the reference, no morphing, no extra limbs, no new characters, smooth easing, final frame matches the reveal still."
D-4,Brother Isidore Lumen,D,_summon/summon-burst-D.png,D-4_brother-isidore-lumen_summon-reveal.png,D-4_brother-isidore-lumen_summon-video.mp4,9:16,5,"Vertical 9:16 anime fantasy summon cinematic, 5 seconds, hand-painted 2D look, no text. Start from the clear teal-blue rank burst keyframe and end on the reveal still of Brother Isidore Lumen. 0-1.5 s: the Celestium Heart pulses and a modest ring of light and a rising spray of sparks blooms, camera pushes in slowly. 1.5-3 s: the light column parts and Brother Isidore Lumen steps forward out of it, hair and cloth moving in the updraft, Light effects (sun motes, feather-like light) in warm gold, white, soft rose swirling around the figure. 3-5 s: Brother Isidore Lumen opens one hand in a warm welcoming gesture, camera eases to a stable hero framing, the light settles into a soft glow with drifting motes. Keep the face, outfit and proportions identical to the reference, no morphing, no extra limbs, no new characters, smooth easing, final frame matches the reveal still."
C-1,Nyx Veilwhisper,C,_summon/summon-burst-C.png,C-1_nyx-veilwhisper_summon-reveal.png,C-1_nyx-veilwhisper_summon-video.mp4,9:16,5,"Vertical 9:16 anime fantasy summon cinematic, 5 seconds, hand-painted 2D look, no text. Start from the bright sapphire blue rank burst keyframe and end on the reveal still of Nyx Veilwhisper. 0-1.5 s: the Celestium Heart pulses and a clear expanding light ring with crisp rays blooms, camera pushes in slowly. 1.5-3 s: the light column parts and Nyx Veilwhisper steps forward out of it, hair and cloth moving in the updraft, Dark effects (shadow smoke, star specks) in violet, black, magenta swirling around the figure. 3-5 s: Nyx Veilwhisper snaps into a sharp ready stance with a quick flourish of the weapon, camera eases to a stable hero framing, the light settles into a soft glow with drifting motes. Keep the face, outfit and proportions identical to the reference, no morphing, no extra limbs, no new characters, smooth easing, final frame matches the reveal still."
C-2,Captain Rhea Stormhail,C,_summon/summon-burst-C.png,C-2_captain-rhea-stormhail_summon-reveal.png,C-2_captain-rhea-stormhail_summon-video.mp4,9:16,5,"Vertical 9:16 anime fantasy summon cinematic, 5 seconds, hand-painted 2D look, no text. Start from the bright sapphire blue rank burst keyframe and end on the reveal still of Captain Rhea Stormhail. 0-1.5 s: the Celestium Heart pulses and a clear expanding light ring with crisp rays blooms, camera pushes in slowly. 1.5-3 s: the light column parts and Captain Rhea Stormhail steps forward out of it, hair and cloth moving in the updraft, Lightning effects (branching arcs, static sparks) in electric yellow, cyan, indigo swirling around the figure. 3-5 s: Captain Rhea Stormhail opens one hand in a warm welcoming gesture, camera eases to a stable hero framing, the light settles into a soft glow with drifting motes. Keep the face, outfit and proportions identical to the reference, no morphing, no extra limbs, no new characters, smooth easing, final frame matches the reveal still."
C-3,Torvald Greywall,C,_summon/summon-burst-C.png,C-3_torvald-greywall_summon-reveal.png,C-3_torvald-greywall_summon-video.mp4,9:16,5,"Vertical 9:16 anime fantasy summon cinematic, 5 seconds, hand-painted 2D look, no text. Start from the bright sapphire blue rank burst keyframe and end on the reveal still of Torvald Greywall. 0-1.5 s: the Celestium Heart pulses and a clear expanding light ring with crisp rays blooms, camera pushes in slowly. 1.5-3 s: the light column parts and Torvald Greywall steps forward out of it, hair and cloth moving in the updraft, Earth effects (stone shards, crystals) in amber, moss green, slate swirling around the figure. 3-5 s: Torvald Greywall plants their feet and braces with a steady, protective stance, camera eases to a stable hero framing, the light settles into a soft glow with drifting motes. Keep the face, outfit and proportions identical to the reference, no morphing, no extra limbs, no new characters, smooth easing, final frame matches the reveal still."
C-4,Marisol Pyreheart,C,_summon/summon-burst-C.png,C-4_marisol-pyreheart_summon-reveal.png,C-4_marisol-pyreheart_summon-video.mp4,9:16,5,"Vertical 9:16 anime fantasy summon cinematic, 5 seconds, hand-painted 2D look, no text. Start from the bright sapphire blue rank burst keyframe and end on the reveal still of Marisol Pyreheart. 0-1.5 s: the Celestium Heart pulses and a clear expanding light ring with crisp rays blooms, camera pushes in slowly. 1.5-3 s: the light column parts and Marisol Pyreheart steps forward out of it, hair and cloth moving in the updraft, Fire effects (embers, flame ribbons) in ember red, orange, gold swirling around the figure. 3-5 s: Marisol Pyreheart raises the focus item with a sly confident flourish, camera eases to a stable hero framing, the light settles into a soft glow with drifting motes. Keep the face, outfit and proportions identical to the reference, no morphing, no extra limbs, no new characters, smooth easing, final frame matches the reveal still."
B-1,Kestrel,B,_summon/summon-burst-B.png,B-1_kestrel_summon-reveal.png,B-1_kestrel_summon-video.mp4,9:16,5,"Vertical 9:16 anime fantasy summon cinematic, 5 seconds, hand-painted 2D look, no text. Start from the blue-violet with silver threads rank burst keyframe and end on the reveal still of Kestrel. 0-1.5 s: the Celestium Heart pulses and a strong burst, a double light ring and streaming silver Celestium threads blooms, camera pushes in slowly. 1.5-3 s: the light column parts and Kestrel steps forward out of it, hair and cloth moving in the updraft, Fire effects (embers, flame ribbons) in ember red, orange, gold swirling around the figure. 3-5 s: Kestrel snaps into a sharp ready stance with a quick flourish of the weapon, camera eases to a stable hero framing, the light settles into a soft glow with drifting motes. Keep the face, outfit and proportions identical to the reference, no morphing, no extra limbs, no new characters, smooth easing, final frame matches the reveal still."
B-2,Sable,B,_summon/summon-burst-B.png,B-2_sable_summon-reveal.png,B-2_sable_summon-video.mp4,9:16,5,"Vertical 9:16 anime fantasy summon cinematic, 5 seconds, hand-painted 2D look, no text. Start from the blue-violet with silver threads rank burst keyframe and end on the reveal still of Sable. 0-1.5 s: the Celestium Heart pulses and a strong burst, a double light ring and streaming silver Celestium threads blooms, camera pushes in slowly. 1.5-3 s: the light column parts and Sable steps forward out of it, hair and cloth moving in the updraft, Wind effects (spiraling leaves, gust lines) in teal, pale green, silver swirling around the figure. 3-5 s: Sable opens one hand in a warm welcoming gesture, camera eases to a stable hero framing, the light settles into a soft glow with drifting motes. Keep the face, outfit and proportions identical to the reference, no morphing, no extra limbs, no new characters, smooth easing, final frame matches the reveal still."
B-3,Thalassa Brinegate,B,_summon/summon-burst-B.png,B-3_thalassa-brinegate_summon-reveal.png,B-3_thalassa-brinegate_summon-video.mp4,9:16,5,"Vertical 9:16 anime fantasy summon cinematic, 5 seconds, hand-painted 2D look, no text. Start from the blue-violet with silver threads rank burst keyframe and end on the reveal still of Thalassa Brinegate. 0-1.5 s: the Celestium Heart pulses and a strong burst, a double light ring and streaming silver Celestium threads blooms, camera pushes in slowly. 1.5-3 s: the light column parts and Thalassa Brinegate steps forward out of it, hair and cloth moving in the updraft, Water effects (ribbons of water, bubbles) in aqua, deep blue, pearl swirling around the figure. 3-5 s: Thalassa Brinegate plants their feet and braces with a steady, protective stance, camera eases to a stable hero framing, the light settles into a soft glow with drifting motes. Keep the face, outfit and proportions identical to the reference, no morphing, no extra limbs, no new characters, smooth easing, final frame matches the reveal still."
B-4,Corvin Ashmantle,B,_summon/summon-burst-B.png,B-4_corvin-ashmantle_summon-reveal.png,B-4_corvin-ashmantle_summon-video.mp4,9:16,5,"Vertical 9:16 anime fantasy summon cinematic, 5 seconds, hand-painted 2D look, no text. Start from the blue-violet with silver threads rank burst keyframe and end on the reveal still of Corvin Ashmantle. 0-1.5 s: the Celestium Heart pulses and a strong burst, a double light ring and streaming silver Celestium threads blooms, camera pushes in slowly. 1.5-3 s: the light column parts and Corvin Ashmantle steps forward out of it, hair and cloth moving in the updraft, Dark effects (shadow smoke, star specks) in violet, black, magenta swirling around the figure. 3-5 s: Corvin Ashmantle raises the focus item with a sly confident flourish, camera eases to a stable hero framing, the light settles into a soft glow with drifting motes. Keep the face, outfit and proportions identical to the reference, no morphing, no extra limbs, no new characters, smooth easing, final frame matches the reveal still."
A-1,Tsukiko Raikami,A,_summon/summon-burst-A.png,A-1_tsukiko-raikami_summon-reveal.png,A-1_tsukiko-raikami_summon-video.mp4,9:16,5,"Vertical 9:16 anime fantasy summon cinematic, 5 seconds, hand-painted 2D look, no text. Start from the rich purple with silver filigree rank burst keyframe and end on the reveal still of Tsukiko Raikami. 0-1.5 s: the Celestium Heart pulses and a vivid sweeping burst, wide light ribbons and glowing filigree glyphs blooms, camera pushes in slowly. 1.5-3 s: the light column parts and Tsukiko Raikami steps forward out of it, hair and cloth moving in the updraft, Lightning effects (branching arcs, static sparks) in electric yellow, cyan, indigo swirling around the figure. 3-5 s: Tsukiko Raikami snaps into a sharp ready stance with a quick flourish of the weapon, camera eases to a stable hero framing, the light settles into a soft glow with drifting motes. Keep the face, outfit and proportions identical to the reference, no morphing, no extra limbs, no new characters, smooth easing, final frame matches the reveal still."
A-2,Seraphine Auric,A,_summon/summon-burst-A.png,A-2_seraphine-auric_summon-reveal.png,A-2_seraphine-auric_summon-video.mp4,9:16,5,"Vertical 9:16 anime fantasy summon cinematic, 5 seconds, hand-painted 2D look, no text. Start from the rich purple with silver filigree rank burst keyframe and end on the reveal still of Seraphine Auric. 0-1.5 s: the Celestium Heart pulses and a vivid sweeping burst, wide light ribbons and glowing filigree glyphs blooms, camera pushes in slowly. 1.5-3 s: the light column parts and Seraphine Auric steps forward out of it, hair and cloth moving in the updraft, Light effects (sun motes, feather-like light) in warm gold, white, soft rose swirling around the figure. 3-5 s: Seraphine Auric opens one hand in a warm welcoming gesture, camera eases to a stable hero framing, the light settles into a soft glow with drifting motes. Keep the face, outfit and proportions identical to the reference, no morphing, no extra limbs, no new characters, smooth easing, final frame matches the reveal still."
A-3,Ignatius Vael-Drakon,A,_summon/summon-burst-A.png,A-3_ignatius-vael-drakon_summon-reveal.png,A-3_ignatius-vael-drakon_summon-video.mp4,9:16,5,"Vertical 9:16 anime fantasy summon cinematic, 5 seconds, hand-painted 2D look, no text. Start from the rich purple with silver filigree rank burst keyframe and end on the reveal still of Ignatius Vael-Drakon. 0-1.5 s: the Celestium Heart pulses and a vivid sweeping burst, wide light ribbons and glowing filigree glyphs blooms, camera pushes in slowly. 1.5-3 s: the light column parts and Ignatius Vael-Drakon steps forward out of it, hair and cloth moving in the updraft, Fire effects (embers, flame ribbons) in ember red, orange, gold swirling around the figure. 3-5 s: Ignatius Vael-Drakon plants their feet and braces with a steady, protective stance, camera eases to a stable hero framing, the light settles into a soft glow with drifting motes. Keep the face, outfit and proportions identical to the reference, no morphing, no extra limbs, no new characters, smooth easing, final frame matches the reveal still."
A-4,Maelor Deepvein,A,_summon/summon-burst-A.png,A-4_maelor-deepvein_summon-reveal.png,A-4_maelor-deepvein_summon-video.mp4,9:16,5,"Vertical 9:16 anime fantasy summon cinematic, 5 seconds, hand-painted 2D look, no text. Start from the rich purple with silver filigree rank burst keyframe and end on the reveal still of Maelor Deepvein. 0-1.5 s: the Celestium Heart pulses and a vivid sweeping burst, wide light ribbons and glowing filigree glyphs blooms, camera pushes in slowly. 1.5-3 s: the light column parts and Maelor Deepvein steps forward out of it, hair and cloth moving in the updraft, Earth effects (stone shards, crystals) in amber, moss green, slate swirling around the figure. 3-5 s: Maelor Deepvein raises the focus item with a sly confident flourish, camera eases to a stable hero framing, the light settles into a soft glow with drifting motes. Keep the face, outfit and proportions identical to the reference, no morphing, no extra limbs, no new characters, smooth easing, final frame matches the reveal still."
S-1,Nerissa Pearlwhisper,S,_summon/summon-burst-S.png,S-1_nerissa-pearlwhisper_summon-reveal.png,S-1_nerissa-pearlwhisper_summon-video.mp4,9:16,5,"Vertical 9:16 anime fantasy summon cinematic, 5 seconds, hand-painted 2D look, no text. Start from the magenta and gold rank burst keyframe and end on the reveal still of Nerissa Pearlwhisper. 0-1.5 s: the Celestium Heart pulses and a dramatic starburst, long gold light ribbons and a rain of gold sparks blooms, camera pushes in slowly. 1.5-3 s: the light column parts and Nerissa Pearlwhisper steps forward out of it, hair and cloth moving in the updraft, Water effects (ribbons of water, bubbles) in aqua, deep blue, pearl swirling around the figure. 3-5 s: Nerissa Pearlwhisper opens one hand in a warm welcoming gesture, camera eases to a stable hero framing, the light settles into a soft glow with drifting motes. Keep the face, outfit and proportions identical to the reference, no morphing, no extra limbs, no new characters, smooth easing, final frame matches the reveal still."
S-2,Vesper Nightingale,S,_summon/summon-burst-S.png,S-2_vesper-nightingale_summon-reveal.png,S-2_vesper-nightingale_summon-video.mp4,9:16,5,"Vertical 9:16 anime fantasy summon cinematic, 5 seconds, hand-painted 2D look, no text. Start from the magenta and gold rank burst keyframe and end on the reveal still of Vesper Nightingale. 0-1.5 s: the Celestium Heart pulses and a dramatic starburst, long gold light ribbons and a rain of gold sparks blooms, camera pushes in slowly. 1.5-3 s: the light column parts and Vesper Nightingale steps forward out of it, hair and cloth moving in the updraft, Dark effects (shadow smoke, star specks) in violet, black, magenta swirling around the figure. 3-5 s: Vesper Nightingale snaps into a sharp ready stance with a quick flourish of the weapon, camera eases to a stable hero framing, the light settles into a soft glow with drifting motes. Keep the face, outfit and proportions identical to the reference, no morphing, no extra limbs, no new characters, smooth easing, final frame matches the reveal still."
S-3,Aeolus Brandt,S,_summon/summon-burst-S.png,S-3_aeolus-brandt_summon-reveal.png,S-3_aeolus-brandt_summon-video.mp4,9:16,5,"Vertical 9:16 anime fantasy summon cinematic, 5 seconds, hand-painted 2D look, no text. Start from the magenta and gold rank burst keyframe and end on the reveal still of Aeolus Brandt. 0-1.5 s: the Celestium Heart pulses and a dramatic starburst, long gold light ribbons and a rain of gold sparks blooms, camera pushes in slowly. 1.5-3 s: the light column parts and Aeolus Brandt steps forward out of it, hair and cloth moving in the updraft, Wind effects (spiraling leaves, gust lines) in teal, pale green, silver swirling around the figure. 3-5 s: Aeolus Brandt plants their feet and braces with a steady, protective stance, camera eases to a stable hero framing, the light settles into a soft glow with drifting motes. Keep the face, outfit and proportions identical to the reference, no morphing, no extra limbs, no new characters, smooth easing, final frame matches the reveal still."
S-4,TESSERAX-9 (Tess),S,_summon/summon-burst-S.png,S-4_tesserax-9-tess_summon-reveal.png,S-4_tesserax-9-tess_summon-video.mp4,9:16,5,"Vertical 9:16 anime fantasy summon cinematic, 5 seconds, hand-painted 2D look, no text. Start from the magenta and gold rank burst keyframe and end on the reveal still of TESSERAX-9 (Tess). 0-1.5 s: the Celestium Heart pulses and a dramatic starburst, long gold light ribbons and a rain of gold sparks blooms, camera pushes in slowly. 1.5-3 s: the light column parts and TESSERAX-9 (Tess) steps forward out of it, hair and cloth moving in the updraft, Lightning effects (branching arcs, static sparks) in electric yellow, cyan, indigo swirling around the figure. 3-5 s: TESSERAX-9 (Tess) raises the focus item with a sly confident flourish, camera eases to a stable hero framing, the light settles into a soft glow with drifting motes. Keep the face, outfit and proportions identical to the reference, no morphing, no extra limbs, no new characters, smooth easing, final frame matches the reveal still."
SS-1,Lumina 'Lumi' Starlit,SS,_summon/summon-burst-SS.png,SS-1_lumina-lumi-starlit_summon-reveal.png,SS-1_lumina-lumi-starlit_summon-video.mp4,9:16,5,"Vertical 9:16 anime fantasy summon cinematic, 5 seconds, hand-painted 2D look, no text. Start from the violet and gold with floating motifs rank burst keyframe and end on the reveal still of Lumina 'Lumi' Starlit. 0-1.5 s: the Celestium Heart pulses and a layered burst, concentric glyph rings, floating motifs and trailing gold light blooms, camera pushes in slowly. 1.5-3 s: the light column parts and Lumina 'Lumi' Starlit steps forward out of it, hair and cloth moving in the updraft, Light effects (sun motes, feather-like light) in warm gold, white, soft rose swirling around the figure. 3-5 s: Lumina 'Lumi' Starlit opens one hand in a warm welcoming gesture, camera eases to a stable hero framing, the light settles into a soft glow with drifting motes. Keep the face, outfit and proportions identical to the reference, no morphing, no extra limbs, no new characters, smooth easing, final frame matches the reveal still."
SS-2,Orsolya Granitecrown,SS,_summon/summon-burst-SS.png,SS-2_orsolya-granitecrown_summon-reveal.png,SS-2_orsolya-granitecrown_summon-video.mp4,9:16,5,"Vertical 9:16 anime fantasy summon cinematic, 5 seconds, hand-painted 2D look, no text. Start from the violet and gold with floating motifs rank burst keyframe and end on the reveal still of Orsolya Granitecrown. 0-1.5 s: the Celestium Heart pulses and a layered burst, concentric glyph rings, floating motifs and trailing gold light blooms, camera pushes in slowly. 1.5-3 s: the light column parts and Orsolya Granitecrown steps forward out of it, hair and cloth moving in the updraft, Earth effects (stone shards, crystals) in amber, moss green, slate swirling around the figure. 3-5 s: Orsolya Granitecrown raises the focus item with a sly confident flourish, camera eases to a stable hero framing, the light settles into a soft glow with drifting motes. Keep the face, outfit and proportions identical to the reference, no morphing, no extra limbs, no new characters, smooth easing, final frame matches the reveal still."
SS-3,Draven Emberlord,SS,_summon/summon-burst-SS.png,SS-3_draven-emberlord_summon-reveal.png,SS-3_draven-emberlord_summon-video.mp4,9:16,5,"Vertical 9:16 anime fantasy summon cinematic, 5 seconds, hand-painted 2D look, no text. Start from the violet and gold with floating motifs rank burst keyframe and end on the reveal still of Draven Emberlord. 0-1.5 s: the Celestium Heart pulses and a layered burst, concentric glyph rings, floating motifs and trailing gold light blooms, camera pushes in slowly. 1.5-3 s: the light column parts and Draven Emberlord steps forward out of it, hair and cloth moving in the updraft, Fire effects (embers, flame ribbons) in ember red, orange, gold swirling around the figure. 3-5 s: Draven Emberlord snaps into a sharp ready stance with a quick flourish of the weapon, camera eases to a stable hero framing, the light settles into a soft glow with drifting motes. Keep the face, outfit and proportions identical to the reference, no morphing, no extra limbs, no new characters, smooth easing, final frame matches the reveal still."
SS-4,Thetis Maelstrom,SS,_summon/summon-burst-SS.png,SS-4_thetis-maelstrom_summon-reveal.png,SS-4_thetis-maelstrom_summon-video.mp4,9:16,5,"Vertical 9:16 anime fantasy summon cinematic, 5 seconds, hand-painted 2D look, no text. Start from the violet and gold with floating motifs rank burst keyframe and end on the reveal still of Thetis Maelstrom. 0-1.5 s: the Celestium Heart pulses and a layered burst, concentric glyph rings, floating motifs and trailing gold light blooms, camera pushes in slowly. 1.5-3 s: the light column parts and Thetis Maelstrom steps forward out of it, hair and cloth moving in the updraft, Water effects (ribbons of water, bubbles) in aqua, deep blue, pearl swirling around the figure. 3-5 s: Thetis Maelstrom plants their feet and braces with a steady, protective stance, camera eases to a stable hero framing, the light settles into a soft glow with drifting motes. Keep the face, outfit and proportions identical to the reference, no morphing, no extra limbs, no new characters, smooth easing, final frame matches the reveal still."
SSR-1,Elder Tuan Windshell,SSR,_summon/summon-burst-SSR.png,SSR-1_elder-tuan-windshell_summon-reveal.png,SSR-1_elder-tuan-windshell_summon-video.mp4,9:16,5,"Vertical 9:16 anime fantasy summon cinematic, 5 seconds, hand-painted 2D look, no text. Start from the radiant violet-gold with prismatic edges rank burst keyframe and end on the reveal still of Elder Tuan Windshell. 0-1.5 s: the Celestium Heart pulses and an epic screen-filling burst, orbiting Celestium crystals, a vast halo of glyphs and falling golden light blooms, camera pushes in slowly. 1.5-3 s: the light column parts and Elder Tuan Windshell steps forward out of it, hair and cloth moving in the updraft, Wind effects (spiraling leaves, gust lines) in teal, pale green, silver swirling around the figure. 3-5 s: Elder Tuan Windshell plants their feet and braces with a steady, protective stance, camera eases to a stable hero framing, the light settles into a soft glow with drifting motes. Keep the face, outfit and proportions identical to the reference, no morphing, no extra limbs, no new characters, smooth easing, final frame matches the reveal still."
SSR-2,Solenne Auralis,SSR,_summon/summon-burst-SSR.png,SSR-2_solenne-auralis_summon-reveal.png,SSR-2_solenne-auralis_summon-video.mp4,9:16,5,"Vertical 9:16 anime fantasy summon cinematic, 5 seconds, hand-painted 2D look, no text. Start from the radiant violet-gold with prismatic edges rank burst keyframe and end on the reveal still of Solenne Auralis. 0-1.5 s: the Celestium Heart pulses and an epic screen-filling burst, orbiting Celestium crystals, a vast halo of glyphs and falling golden light blooms, camera pushes in slowly. 1.5-3 s: the light column parts and Solenne Auralis steps forward out of it, hair and cloth moving in the updraft, Light effects (sun motes, feather-like light) in warm gold, white, soft rose swirling around the figure. 3-5 s: Solenne Auralis opens one hand in a warm welcoming gesture, camera eases to a stable hero framing, the light settles into a soft glow with drifting motes. Keep the face, outfit and proportions identical to the reference, no morphing, no extra limbs, no new characters, smooth easing, final frame matches the reveal still."
SSR-3,Erebus Nightcrown,SSR,_summon/summon-burst-SSR.png,SSR-3_erebus-nightcrown_summon-reveal.png,SSR-3_erebus-nightcrown_summon-video.mp4,9:16,5,"Vertical 9:16 anime fantasy summon cinematic, 5 seconds, hand-painted 2D look, no text. Start from the radiant violet-gold with prismatic edges rank burst keyframe and end on the reveal still of Erebus Nightcrown. 0-1.5 s: the Celestium Heart pulses and an epic screen-filling burst, orbiting Celestium crystals, a vast halo of glyphs and falling golden light blooms, camera pushes in slowly. 1.5-3 s: the light column parts and Erebus Nightcrown steps forward out of it, hair and cloth moving in the updraft, Dark effects (shadow smoke, star specks) in violet, black, magenta swirling around the figure. 3-5 s: Erebus Nightcrown raises the focus item with a sly confident flourish, camera eases to a stable hero framing, the light settles into a soft glow with drifting motes. Keep the face, outfit and proportions identical to the reference, no morphing, no extra limbs, no new characters, smooth easing, final frame matches the reveal still."
SSR-4,Ragnhild Thunderveil,SSR,_summon/summon-burst-SSR.png,SSR-4_ragnhild-thunderveil_summon-reveal.png,SSR-4_ragnhild-thunderveil_summon-video.mp4,9:16,5,"Vertical 9:16 anime fantasy summon cinematic, 5 seconds, hand-painted 2D look, no text. Start from the radiant violet-gold with prismatic edges rank burst keyframe and end on the reveal still of Ragnhild Thunderveil. 0-1.5 s: the Celestium Heart pulses and an epic screen-filling burst, orbiting Celestium crystals, a vast halo of glyphs and falling golden light blooms, camera pushes in slowly. 1.5-3 s: the light column parts and Ragnhild Thunderveil steps forward out of it, hair and cloth moving in the updraft, Lightning effects (branching arcs, static sparks) in electric yellow, cyan, indigo swirling around the figure. 3-5 s: Ragnhild Thunderveil snaps into a sharp ready stance with a quick flourish of the weapon, camera eases to a stable hero framing, the light settles into a soft glow with drifting motes. Keep the face, outfit and proportions identical to the reference, no morphing, no extra limbs, no new characters, smooth easing, final frame matches the reveal still."
R-01,Tobias Rake,F,_summon/summon-burst-F.png,R-01_tobias-rake_summon-reveal.png,R-01_tobias-rake_summon-video.mp4,9:16,5,"Vertical 9:16 anime fantasy summon cinematic, 5 seconds, hand-painted 2D look, no text. Start from the dull silver-white rank burst keyframe and end on the reveal still of Tobias Rake. 0-1.5 s: the Celestium Heart pulses and a thin soft glow, a few dust motes, quiet and plain blooms, camera pushes in slowly. 1.5-3 s: the light column parts and Tobias Rake steps forward out of it, hair and cloth moving in the updraft, a few soft golden sparks swirling around the figure. 3-5 s: Tobias Rake looks around in warm surprise, then gives a small friendly wave, camera eases to a stable hero framing, the light settles into a soft glow with drifting motes. Keep the face, outfit and proportions identical to the reference, no morphing, no extra limbs, no new characters, smooth easing, final frame matches the reveal still."
R-02,Mina Dewlight,F,_summon/summon-burst-F.png,R-02_mina-dewlight_summon-reveal.png,R-02_mina-dewlight_summon-video.mp4,9:16,5,"Vertical 9:16 anime fantasy summon cinematic, 5 seconds, hand-painted 2D look, no text. Start from the dull silver-white rank burst keyframe and end on the reveal still of Mina Dewlight. 0-1.5 s: the Celestium Heart pulses and a thin soft glow, a few dust motes, quiet and plain blooms, camera pushes in slowly. 1.5-3 s: the light column parts and Mina Dewlight steps forward out of it, hair and cloth moving in the updraft, a few soft golden sparks swirling around the figure. 3-5 s: Mina Dewlight looks around in warm surprise, then gives a small friendly wave, camera eases to a stable hero framing, the light settles into a soft glow with drifting motes. Keep the face, outfit and proportions identical to the reference, no morphing, no extra limbs, no new characters, smooth easing, final frame matches the reveal still."
R-03,Gorm Hatchet,F,_summon/summon-burst-F.png,R-03_gorm-hatchet_summon-reveal.png,R-03_gorm-hatchet_summon-video.mp4,9:16,5,"Vertical 9:16 anime fantasy summon cinematic, 5 seconds, hand-painted 2D look, no text. Start from the dull silver-white rank burst keyframe and end on the reveal still of Gorm Hatchet. 0-1.5 s: the Celestium Heart pulses and a thin soft glow, a few dust motes, quiet and plain blooms, camera pushes in slowly. 1.5-3 s: the light column parts and Gorm Hatchet steps forward out of it, hair and cloth moving in the updraft, a few soft golden sparks swirling around the figure. 3-5 s: Gorm Hatchet looks around in warm surprise, then gives a small friendly wave, camera eases to a stable hero framing, the light settles into a soft glow with drifting motes. Keep the face, outfit and proportions identical to the reference, no morphing, no extra limbs, no new characters, smooth easing, final frame matches the reveal still."
R-04,Wren Kettle,F,_summon/summon-burst-F.png,R-04_wren-kettle_summon-reveal.png,R-04_wren-kettle_summon-video.mp4,9:16,5,"Vertical 9:16 anime fantasy summon cinematic, 5 seconds, hand-painted 2D look, no text. Start from the dull silver-white rank burst keyframe and end on the reveal still of Wren Kettle. 0-1.5 s: the Celestium Heart pulses and a thin soft glow, a few dust motes, quiet and plain blooms, camera pushes in slowly. 1.5-3 s: the light column parts and Wren Kettle steps forward out of it, hair and cloth moving in the updraft, a few soft golden sparks swirling around the figure. 3-5 s: Wren Kettle looks around in warm surprise, then gives a small friendly wave, camera eases to a stable hero framing, the light settles into a soft glow with drifting motes. Keep the face, outfit and proportions identical to the reference, no morphing, no extra limbs, no new characters, smooth easing, final frame matches the reveal still."
R-05,Hobb Ledgerfoot,E,_summon/summon-burst-E.png,R-05_hobb-ledgerfoot_summon-reveal.png,R-05_hobb-ledgerfoot_summon-video.mp4,9:16,5,"Vertical 9:16 anime fantasy summon cinematic, 5 seconds, hand-painted 2D look, no text. Start from the pale mint-white rank burst keyframe and end on the reveal still of Hobb Ledgerfoot. 0-1.5 s: the Celestium Heart pulses and a small gentle bloom of light and a few drifting sparks blooms, camera pushes in slowly. 1.5-3 s: the light column parts and Hobb Ledgerfoot steps forward out of it, hair and cloth moving in the updraft, a few soft golden sparks swirling around the figure. 3-5 s: Hobb Ledgerfoot looks around in warm surprise, then gives a small friendly wave, camera eases to a stable hero framing, the light settles into a soft glow with drifting motes. Keep the face, outfit and proportions identical to the reference, no morphing, no extra limbs, no new characters, smooth easing, final frame matches the reveal still."
R-06,Sera Quickneedle,E,_summon/summon-burst-E.png,R-06_sera-quickneedle_summon-reveal.png,R-06_sera-quickneedle_summon-video.mp4,9:16,5,"Vertical 9:16 anime fantasy summon cinematic, 5 seconds, hand-painted 2D look, no text. Start from the pale mint-white rank burst keyframe and end on the reveal still of Sera Quickneedle. 0-1.5 s: the Celestium Heart pulses and a small gentle bloom of light and a few drifting sparks blooms, camera pushes in slowly. 1.5-3 s: the light column parts and Sera Quickneedle steps forward out of it, hair and cloth moving in the updraft, a few soft golden sparks swirling around the figure. 3-5 s: Sera Quickneedle looks around in warm surprise, then gives a small friendly wave, camera eases to a stable hero framing, the light settles into a soft glow with drifting motes. Keep the face, outfit and proportions identical to the reference, no morphing, no extra limbs, no new characters, smooth easing, final frame matches the reveal still."
R-07,Dunstan Pickaxe,E,_summon/summon-burst-E.png,R-07_dunstan-pickaxe_summon-reveal.png,R-07_dunstan-pickaxe_summon-video.mp4,9:16,5,"Vertical 9:16 anime fantasy summon cinematic, 5 seconds, hand-painted 2D look, no text. Start from the pale mint-white rank burst keyframe and end on the reveal still of Dunstan Pickaxe. 0-1.5 s: the Celestium Heart pulses and a small gentle bloom of light and a few drifting sparks blooms, camera pushes in slowly. 1.5-3 s: the light column parts and Dunstan Pickaxe steps forward out of it, hair and cloth moving in the updraft, a few soft golden sparks swirling around the figure. 3-5 s: Dunstan Pickaxe looks around in warm surprise, then gives a small friendly wave, camera eases to a stable hero framing, the light settles into a soft glow with drifting motes. Keep the face, outfit and proportions identical to the reference, no morphing, no extra limbs, no new characters, smooth easing, final frame matches the reveal still."
R-08,Lio Marigold,E,_summon/summon-burst-E.png,R-08_lio-marigold_summon-reveal.png,R-08_lio-marigold_summon-video.mp4,9:16,5,"Vertical 9:16 anime fantasy summon cinematic, 5 seconds, hand-painted 2D look, no text. Start from the pale mint-white rank burst keyframe and end on the reveal still of Lio Marigold. 0-1.5 s: the Celestium Heart pulses and a small gentle bloom of light and a few drifting sparks blooms, camera pushes in slowly. 1.5-3 s: the light column parts and Lio Marigold steps forward out of it, hair and cloth moving in the updraft, a few soft golden sparks swirling around the figure. 3-5 s: Lio Marigold looks around in warm surprise, then gives a small friendly wave, camera eases to a stable hero framing, the light settles into a soft glow with drifting motes. Keep the face, outfit and proportions identical to the reference, no morphing, no extra limbs, no new characters, smooth easing, final frame matches the reveal still."
R-09,Ilsa Brewbright,D,_summon/summon-burst-D.png,R-09_ilsa-brewbright_summon-reveal.png,R-09_ilsa-brewbright_summon-video.mp4,9:16,5,"Vertical 9:16 anime fantasy summon cinematic, 5 seconds, hand-painted 2D look, no text. Start from the clear teal-blue rank burst keyframe and end on the reveal still of Ilsa Brewbright. 0-1.5 s: the Celestium Heart pulses and a modest ring of light and a rising spray of sparks blooms, camera pushes in slowly. 1.5-3 s: the light column parts and Ilsa Brewbright steps forward out of it, hair and cloth moving in the updraft, a few soft golden sparks swirling around the figure. 3-5 s: Ilsa Brewbright looks around in warm surprise, then gives a small friendly wave, camera eases to a stable hero framing, the light settles into a soft glow with drifting motes. Keep the face, outfit and proportions identical to the reference, no morphing, no extra limbs, no new characters, smooth easing, final frame matches the reveal still."
R-10,Fenwick Quill,D,_summon/summon-burst-D.png,R-10_fenwick-quill_summon-reveal.png,R-10_fenwick-quill_summon-video.mp4,9:16,5,"Vertical 9:16 anime fantasy summon cinematic, 5 seconds, hand-painted 2D look, no text. Start from the clear teal-blue rank burst keyframe and end on the reveal still of Fenwick Quill. 0-1.5 s: the Celestium Heart pulses and a modest ring of light and a rising spray of sparks blooms, camera pushes in slowly. 1.5-3 s: the light column parts and Fenwick Quill steps forward out of it, hair and cloth moving in the updraft, a few soft golden sparks swirling around the figure. 3-5 s: Fenwick Quill looks around in warm surprise, then gives a small friendly wave, camera eases to a stable hero framing, the light settles into a soft glow with drifting motes. Keep the face, outfit and proportions identical to the reference, no morphing, no extra limbs, no new characters, smooth easing, final frame matches the reveal still."
R-11,Nessa Tidewell,D,_summon/summon-burst-D.png,R-11_nessa-tidewell_summon-reveal.png,R-11_nessa-tidewell_summon-video.mp4,9:16,5,"Vertical 9:16 anime fantasy summon cinematic, 5 seconds, hand-painted 2D look, no text. Start from the clear teal-blue rank burst keyframe and end on the reveal still of Nessa Tidewell. 0-1.5 s: the Celestium Heart pulses and a modest ring of light and a rising spray of sparks blooms, camera pushes in slowly. 1.5-3 s: the light column parts and Nessa Tidewell steps forward out of it, hair and cloth moving in the updraft, a few soft golden sparks swirling around the figure. 3-5 s: Nessa Tidewell looks around in warm surprise, then gives a small friendly wave, camera eases to a stable hero framing, the light settles into a soft glow with drifting motes. Keep the face, outfit and proportions identical to the reference, no morphing, no extra limbs, no new characters, smooth easing, final frame matches the reveal still."
R-12,Brakka Ironsmoke,C,_summon/summon-burst-C.png,R-12_brakka-ironsmoke_summon-reveal.png,R-12_brakka-ironsmoke_summon-video.mp4,9:16,5,"Vertical 9:16 anime fantasy summon cinematic, 5 seconds, hand-painted 2D look, no text. Start from the bright sapphire blue rank burst keyframe and end on the reveal still of Brakka Ironsmoke. 0-1.5 s: the Celestium Heart pulses and a clear expanding light ring with crisp rays blooms, camera pushes in slowly. 1.5-3 s: the light column parts and Brakka Ironsmoke steps forward out of it, hair and cloth moving in the updraft, a few soft golden sparks swirling around the figure. 3-5 s: Brakka Ironsmoke looks around in warm surprise, then gives a small friendly wave, camera eases to a stable hero framing, the light settles into a soft glow with drifting motes. Keep the face, outfit and proportions identical to the reference, no morphing, no extra limbs, no new characters, smooth easing, final frame matches the reveal still."
R-13,Odalys Thornfield,C,_summon/summon-burst-C.png,R-13_odalys-thornfield_summon-reveal.png,R-13_odalys-thornfield_summon-video.mp4,9:16,5,"Vertical 9:16 anime fantasy summon cinematic, 5 seconds, hand-painted 2D look, no text. Start from the bright sapphire blue rank burst keyframe and end on the reveal still of Odalys Thornfield. 0-1.5 s: the Celestium Heart pulses and a clear expanding light ring with crisp rays blooms, camera pushes in slowly. 1.5-3 s: the light column parts and Odalys Thornfield steps forward out of it, hair and cloth moving in the updraft, a few soft golden sparks swirling around the figure. 3-5 s: Odalys Thornfield looks around in warm surprise, then gives a small friendly wave, camera eases to a stable hero framing, the light settles into a soft glow with drifting motes. Keep the face, outfit and proportions identical to the reference, no morphing, no extra limbs, no new characters, smooth easing, final frame matches the reveal still."
R-14,Cato Lanternjaw,C,_summon/summon-burst-C.png,R-14_cato-lanternjaw_summon-reveal.png,R-14_cato-lanternjaw_summon-video.mp4,9:16,5,"Vertical 9:16 anime fantasy summon cinematic, 5 seconds, hand-painted 2D look, no text. Start from the bright sapphire blue rank burst keyframe and end on the reveal still of Cato Lanternjaw. 0-1.5 s: the Celestium Heart pulses and a clear expanding light ring with crisp rays blooms, camera pushes in slowly. 1.5-3 s: the light column parts and Cato Lanternjaw steps forward out of it, hair and cloth moving in the updraft, a few soft golden sparks swirling around the figure. 3-5 s: Cato Lanternjaw looks around in warm surprise, then gives a small friendly wave, camera eases to a stable hero framing, the light settles into a soft glow with drifting motes. Keep the face, outfit and proportions identical to the reference, no morphing, no extra limbs, no new characters, smooth easing, final frame matches the reveal still."
R-15,Yarrow Moss,B,_summon/summon-burst-B.png,R-15_yarrow-moss_summon-reveal.png,R-15_yarrow-moss_summon-video.mp4,9:16,5,"Vertical 9:16 anime fantasy summon cinematic, 5 seconds, hand-painted 2D look, no text. Start from the blue-violet with silver threads rank burst keyframe and end on the reveal still of Yarrow Moss. 0-1.5 s: the Celestium Heart pulses and a strong burst, a double light ring and streaming silver Celestium threads blooms, camera pushes in slowly. 1.5-3 s: the light column parts and Yarrow Moss steps forward out of it, hair and cloth moving in the updraft, a few soft golden sparks swirling around the figure. 3-5 s: Yarrow Moss looks around in warm surprise, then gives a small friendly wave, camera eases to a stable hero framing, the light settles into a soft glow with drifting motes. Keep the face, outfit and proportions identical to the reference, no morphing, no extra limbs, no new characters, smooth easing, final frame matches the reveal still."
R-16,Pell Fortunecoin,B,_summon/summon-burst-B.png,R-16_pell-fortunecoin_summon-reveal.png,R-16_pell-fortunecoin_summon-video.mp4,9:16,5,"Vertical 9:16 anime fantasy summon cinematic, 5 seconds, hand-painted 2D look, no text. Start from the blue-violet with silver threads rank burst keyframe and end on the reveal still of Pell Fortunecoin. 0-1.5 s: the Celestium Heart pulses and a strong burst, a double light ring and streaming silver Celestium threads blooms, camera pushes in slowly. 1.5-3 s: the light column parts and Pell Fortunecoin steps forward out of it, hair and cloth moving in the updraft, a few soft golden sparks swirling around the figure. 3-5 s: Pell Fortunecoin looks around in warm surprise, then gives a small friendly wave, camera eases to a stable hero framing, the light settles into a soft glow with drifting motes. Keep the face, outfit and proportions identical to the reference, no morphing, no extra limbs, no new characters, smooth easing, final frame matches the reveal still."
R-17,Dr. Ambrose Pennywhistle,B,_summon/summon-burst-B.png,R-17_dr-ambrose-pennywhistle_summon-reveal.png,R-17_dr-ambrose-pennywhistle_summon-video.mp4,9:16,5,"Vertical 9:16 anime fantasy summon cinematic, 5 seconds, hand-painted 2D look, no text. Start from the blue-violet with silver threads rank burst keyframe and end on the reveal still of Dr. Ambrose Pennywhistle. 0-1.5 s: the Celestium Heart pulses and a strong burst, a double light ring and streaming silver Celestium threads blooms, camera pushes in slowly. 1.5-3 s: the light column parts and Dr. Ambrose Pennywhistle steps forward out of it, hair and cloth moving in the updraft, a few soft golden sparks swirling around the figure. 3-5 s: Dr. Ambrose Pennywhistle looks around in warm surprise, then gives a small friendly wave, camera eases to a stable hero framing, the light settles into a soft glow with drifting motes. Keep the face, outfit and proportions identical to the reference, no morphing, no extra limbs, no new characters, smooth easing, final frame matches the reveal still."
R-18,Kasimir Veil,A,_summon/summon-burst-A.png,R-18_kasimir-veil_summon-reveal.png,R-18_kasimir-veil_summon-video.mp4,9:16,5,"Vertical 9:16 anime fantasy summon cinematic, 5 seconds, hand-painted 2D look, no text. Start from the rich purple with silver filigree rank burst keyframe and end on the reveal still of Kasimir Veil. 0-1.5 s: the Celestium Heart pulses and a vivid sweeping burst, wide light ribbons and glowing filigree glyphs blooms, camera pushes in slowly. 1.5-3 s: the light column parts and Kasimir Veil steps forward out of it, hair and cloth moving in the updraft, a few soft golden sparks swirling around the figure. 3-5 s: Kasimir Veil looks around in warm surprise, then gives a small friendly wave, camera eases to a stable hero framing, the light settles into a soft glow with drifting motes. Keep the face, outfit and proportions identical to the reference, no morphing, no extra limbs, no new characters, smooth easing, final frame matches the reveal still."
R-19,Mother Hesper,A,_summon/summon-burst-A.png,R-19_mother-hesper_summon-reveal.png,R-19_mother-hesper_summon-video.mp4,9:16,5,"Vertical 9:16 anime fantasy summon cinematic, 5 seconds, hand-painted 2D look, no text. Start from the rich purple with silver filigree rank burst keyframe and end on the reveal still of Mother Hesper. 0-1.5 s: the Celestium Heart pulses and a vivid sweeping burst, wide light ribbons and glowing filigree glyphs blooms, camera pushes in slowly. 1.5-3 s: the light column parts and Mother Hesper steps forward out of it, hair and cloth moving in the updraft, a few soft golden sparks swirling around the figure. 3-5 s: Mother Hesper looks around in warm surprise, then gives a small friendly wave, camera eases to a stable hero framing, the light settles into a soft glow with drifting motes. Keep the face, outfit and proportions identical to the reference, no morphing, no extra limbs, no new characters, smooth easing, final frame matches the reveal still."
R-20,Ruvik Glasseye,A,_summon/summon-burst-A.png,R-20_ruvik-glasseye_summon-reveal.png,R-20_ruvik-glasseye_summon-video.mp4,9:16,5,"Vertical 9:16 anime fantasy summon cinematic, 5 seconds, hand-painted 2D look, no text. Start from the rich purple with silver filigree rank burst keyframe and end on the reveal still of Ruvik Glasseye. 0-1.5 s: the Celestium Heart pulses and a vivid sweeping burst, wide light ribbons and glowing filigree glyphs blooms, camera pushes in slowly. 1.5-3 s: the light column parts and Ruvik Glasseye steps forward out of it, hair and cloth moving in the updraft, a few soft golden sparks swirling around the figure. 3-5 s: Ruvik Glasseye looks around in warm surprise, then gives a small friendly wave, camera eases to a stable hero framing, the light settles into a soft glow with drifting motes. Keep the face, outfit and proportions identical to the reference, no morphing, no extra limbs, no new characters, smooth easing, final frame matches the reveal still."
R-21,Tamsin Starling,S,_summon/summon-burst-S.png,R-21_tamsin-starling_summon-reveal.png,R-21_tamsin-starling_summon-video.mp4,9:16,5,"Vertical 9:16 anime fantasy summon cinematic, 5 seconds, hand-painted 2D look, no text. Start from the magenta and gold rank burst keyframe and end on the reveal still of Tamsin Starling. 0-1.5 s: the Celestium Heart pulses and a dramatic starburst, long gold light ribbons and a rain of gold sparks blooms, camera pushes in slowly. 1.5-3 s: the light column parts and Tamsin Starling steps forward out of it, hair and cloth moving in the updraft, a few soft golden sparks swirling around the figure. 3-5 s: Tamsin Starling looks around in warm surprise, then gives a small friendly wave, camera eases to a stable hero framing, the light settles into a soft glow with drifting motes. Keep the face, outfit and proportions identical to the reference, no morphing, no extra limbs, no new characters, smooth easing, final frame matches the reveal still."
R-22,Magister Oru,S,_summon/summon-burst-S.png,R-22_magister-oru_summon-reveal.png,R-22_magister-oru_summon-video.mp4,9:16,5,"Vertical 9:16 anime fantasy summon cinematic, 5 seconds, hand-painted 2D look, no text. Start from the magenta and gold rank burst keyframe and end on the reveal still of Magister Oru. 0-1.5 s: the Celestium Heart pulses and a dramatic starburst, long gold light ribbons and a rain of gold sparks blooms, camera pushes in slowly. 1.5-3 s: the light column parts and Magister Oru steps forward out of it, hair and cloth moving in the updraft, a few soft golden sparks swirling around the figure. 3-5 s: Magister Oru looks around in warm surprise, then gives a small friendly wave, camera eases to a stable hero framing, the light settles into a soft glow with drifting motes. Keep the face, outfit and proportions identical to the reference, no morphing, no extra limbs, no new characters, smooth easing, final frame matches the reveal still."
R-23,Sunniva Hearthsong,SS,_summon/summon-burst-SS.png,R-23_sunniva-hearthsong_summon-reveal.png,R-23_sunniva-hearthsong_summon-video.mp4,9:16,5,"Vertical 9:16 anime fantasy summon cinematic, 5 seconds, hand-painted 2D look, no text. Start from the violet and gold with floating motifs rank burst keyframe and end on the reveal still of Sunniva Hearthsong. 0-1.5 s: the Celestium Heart pulses and a layered burst, concentric glyph rings, floating motifs and trailing gold light blooms, camera pushes in slowly. 1.5-3 s: the light column parts and Sunniva Hearthsong steps forward out of it, hair and cloth moving in the updraft, a few soft golden sparks swirling around the figure. 3-5 s: Sunniva Hearthsong looks around in warm surprise, then gives a small friendly wave, camera eases to a stable hero framing, the light settles into a soft glow with drifting motes. Keep the face, outfit and proportions identical to the reference, no morphing, no extra limbs, no new characters, smooth easing, final frame matches the reveal still."
R-24,Elder Ysolde Everwell,SSR,_summon/summon-burst-SSR.png,R-24_elder-ysolde-everwell_summon-reveal.png,R-24_elder-ysolde-everwell_summon-video.mp4,9:16,5,"Vertical 9:16 anime fantasy summon cinematic, 5 seconds, hand-painted 2D look, no text. Start from the radiant violet-gold with prismatic edges rank burst keyframe and end on the reveal still of Elder Ysolde Everwell. 0-1.5 s: the Celestium Heart pulses and an epic screen-filling burst, orbiting Celestium crystals, a vast halo of glyphs and falling golden light blooms, camera pushes in slowly. 1.5-3 s: the light column parts and Elder Ysolde Everwell steps forward out of it, hair and cloth moving in the updraft, a few soft golden sparks swirling around the figure. 3-5 s: Elder Ysolde Everwell looks around in warm surprise, then gives a small friendly wave, camera eases to a stable hero framing, the light settles into a soft glow with drifting motes. Keep the face, outfit and proportions identical to the reference, no morphing, no extra limbs, no new characters, smooth easing, final frame matches the reveal still."
