kind,id,name,rank,race,gender,age,chest_cm,waist_cm,hips_cm,height_cm,weight_kg,silhouette,height_class,element,class,role,key_stat,room,room_fit,Might,Sight,Grit,Charm,Wit,Grace,Luck,level_cap
hero,F-1,Pip Thistlewick,F,Gnome,male,29,104,102,100,128,52,"straight and sturdy, little waist taper",Small,Earth,Tinker-Trapper,Controller,Wit,Stone Quarry,matched,4,3,4,4,5,2,3,20
hero,F-2,Bram Oakhelm,F,Human,male,34,118,104,106,192,104,"inverted-triangle, broad chest and shoulders",Large,Water,Shieldbearer,Tank,Grit,Stone Well,matched,4,2,5,3,2,4,3,20
hero,F-3,Tilly Nettlebright,F,Human,female,24,95,53,104,165,57,"exaggerated hourglass: full bust, very narrow waist, wide curvy hips",Medium,Wind,Skirmisher,Striker,Grace,Silverbrook Adventure Guild,matched,3,3,4,3,3,5,4,20
hero,F-4,Rook Emberwick,F,Kobold (lizardfolk),male,31,78,62,74,140,38,"athletic, gently tapered waist",Small,Fire,Hearth Tender,Support,Charm,Kitchen,matched,4,2,4,5,2,4,4,20
hero,E-1,Zippa Sparkwhisker,E,Marten-folk (beastfolk),female,26,94,50,101,150,44,"exaggerated hourglass: full bust, very narrow waist, wide curvy hips",Small,Lightning,Courier,Striker,Grace,Silverbrook Adventure Guild,matched,6,5,6,4,5,8,7,30
hero,E-2,Sister Calla Dawnmend,E,Human,female,31,114,67,127,168,76,"exaggerated hourglass: full bust, very narrow waist, wide curvy hips",Medium,Light,Lamp Priest,Support,Grace,The Frosted Mug,matched,6,4,6,7,5,8,6,30
hero,E-3,Mordecai Gloam,E,Shade-touched human,male,38,94,78,90,198,76,"athletic, gently tapered waist",Large,Dark,Hexer,Controller,Wit,Deck Hall,matched,5,7,6,5,8,5,4,30
hero,E-4,Ulric Cairnbreaker,E,Dwarf,male,52,124,112,108,140,86,"inverted-triangle, broad chest and shoulders",Small,Earth,Wall Miner,Tank,Grit,Stone Quarry,matched,7,6,8,6,6,4,4,30
hero,D-1,Ashlyn Cinderbraid,D,Tiefling,female,27,106,57,113,172,67,"exaggerated hourglass: full bust, very narrow waist, wide curvy hips",Medium,Fire,Duelist,Striker,Might,The Forge,matched,12,8,9,11,8,8,9,40
hero,D-2,Juniper Gale,D,Sprite-kin (fae),female,140,90,48,96,145,38,"exaggerated hourglass: full bust, very narrow waist, wide curvy hips",Small,Wind,Windwarden,Controller,Wit,Deck Hall,matched,7,11,9,8,12,8,7,40
hero,D-3,Tarn Deepcurrent,D,Saurian (lizardfolk),male,40,136,110,114,205,138,"inverted-triangle, broad chest and shoulders",Large,Water,Bulwark,Tank,Grit,Stone Well,matched,11,8,12,9,9,8,9,40
hero,D-4,Brother Isidore Lumen,D,Human,male,45,90,74,88,180,63,"athletic, gently tapered waist",Medium,Light,Lightmonk,Support,Wit,Deck Hall,matched,9,7,9,8,12,11,7,40
hero,C-1,Nyx Veilwhisper,C,Dusk-elf,female,95,93,49,101,154,47,"exaggerated hourglass: full bust, very narrow waist, wide curvy hips",Small,Dark,Shadowblade,Striker,Grace,Silverbrook Adventure Guild,matched,13,16,12,11,14,17,11,50
hero,C-2,Captain Rhea Stormhail,C,Human,female,36,113,65,118,174,74,"exaggerated hourglass: full bust, very narrow waist, wide curvy hips",Medium,Lightning,Banner Captain,Support,Charm,Silverbrook Adventure Guild,matched,16,14,11,17,11,13,11,50
hero,C-3,Torvald Greywall,C,Goliath,male,41,158,130,126,218,210,"inverted-triangle, broad chest and shoulders",Large,Earth,Cliff Guardian,Tank,Grit,Lumber Mill,matched,16,14,17,14,11,14,12,50
hero,C-4,Marisol Pyreheart,C,Human,female,30,115,58,125,170,71,"exaggerated hourglass: full bust, very narrow waist, wide curvy hips",Medium,Fire,Pyro-Alchemist,Controller,Wit,The Frosted Mug,matched,14,11,12,12,17,13,16,50
hero,B-1,Kestrel,B,Human,female,27,101,55,107,156,58,"exaggerated hourglass: full bust, very narrow waist, wide curvy hips",Small,Fire,Twin-Blade Vanguard,Striker,Might,The Forge,matched,24,19,17,17,20,22,17,60
hero,B-2,Sable,B,Human,female,29,100,53,108,172,61,"exaggerated hourglass: full bust, very narrow waist, wide curvy hips",Medium,Wind,Windbow Scout,Support,Sight,Silverbrook Adventure Guild,matched,18,24,19,18,22,18,16,60
hero,B-3,Thalassa Brinegate,B,Tidebound (sea-elf),female,33,123,65,130,200,101,"exaggerated hourglass: full bust, very narrow waist, wide curvy hips",Large,Water,Tide Sentinel,Tank,Grit,Stone Well,matched,16,20,24,22,18,16,20,60
hero,B-4,Corvin Ashmantle,B,Crowfolk (beastfolk),male,41,92,76,88,177,62,"athletic, gently tapered waist",Medium,Dark,Hexmaster,Controller,Wit,Deck Hall,matched,18,22,17,20,24,17,19,60
hero,A-1,Tsukiko Raikami,A,Kitsune (fox-folk),female,34,97,50,106,158,48,"exaggerated hourglass: full bust, very narrow waist, wide curvy hips",Small,Lightning,Thunder Shrine Duelist,Striker,Grace,Argent Market,matched,23,23,25,23,26,32,30,70
hero,A-2,Seraphine Auric,A,Celestial (winged-kin),female,33,104,53,110,175,63,"exaggerated hourglass: full bust, very narrow waist, wide curvy hips",Medium,Light,Cantor,Support,Charm,The Frosted Mug,matched,22,26,23,32,22,30,22,70
hero,A-3,Ignatius Vael-Drakon,A,Dragonkin,male,48,148,116,112,215,175,"inverted-triangle, broad chest and shoulders",Large,Fire,Dragon Guardian,Tank,Grit,Lumber Mill,matched,30,23,32,27,22,27,27,70
hero,A-4,Maelor Deepvein,A,Stone-giant,male,60,170,140,132,228,320,"inverted-triangle, broad chest and shoulders",Large,Earth,Geomancer,Controller,Wit,Stone Quarry,matched,22,30,23,24,32,22,25,70
hero,S-1,Nerissa Pearlwhisper,S,Nereid,female,36,118,60,127,170,76,"exaggerated hourglass: full bust, very narrow waist, wide curvy hips",Medium,Water,Tide Singer,Support,Charm,Argent Market,matched,32,31,36,42,36,39,36,80
hero,S-2,Vesper Nightingale,S,Dusk-kin (shadow fae),female,32,95,50,103,154,46,"exaggerated hourglass: full bust, very narrow waist, wide curvy hips",Small,Dark,Night Soloist Assassin,Striker,Grace,Deck Hall,matched,32,33,31,39,30,42,32,80
hero,S-3,Aeolus Brandt,S,Human (wind-touched),male,45,128,98,104,206,118,"inverted-triangle, broad chest and shoulders",Large,Wind,Windwall Warden,Tank,Grit,Lumber Mill,matched,39,36,42,35,35,32,36,80
hero,S-4,TESSERAX-9 (Tess),S,Celestium Automaton,nonbinary,27,96,84,92,140,96,"athletic, gently tapered waist",Small,Lightning,Dynamo Savant,Controller,Wit,Deck Hall,matched,36,39,34,30,42,30,35,80
hero,SS-1,Lumina 'Lumi' Starlit,SS,Star-fae,female,118,88,47,96,140,36,"exaggerated hourglass: full bust, very narrow waist, wide curvy hips",Small,Light,Star Weaver,Support,Charm,Heart Sanctuary,matched,44,44,46,55,47,47,51,90
hero,SS-2,Orsolya Granitecrown,SS,Half-giant,female,55,121,62,130,178,88,"exaggerated hourglass: full bust, very narrow waist, wide curvy hips",Medium,Earth,Geo-Sovereign,Controller,Wit,Stone Quarry,matched,51,46,48,44,55,40,48,90
hero,SS-3,Draven Emberlord,SS,Demonkin,male,39,140,100,104,208,128,"inverted-triangle, broad chest and shoulders",Large,Fire,Infernal Marshal,Striker,Might,The Forge,matched,55,48,44,51,46,40,48,90
hero,SS-4,Thetis Maelstrom,SS,Tidal titan (sea-giant),female,35,137,76,144,212,149,"exaggerated hourglass: full bust, very narrow waist, wide curvy hips",Large,Water,Abyssal Bulwark,Tank,Grit,Stone Well,matched,51,44,55,40,47,47,41,90
hero,SSR-1,Elder Tuan Windshell,SSR,Tortoise-folk (wind-spirit),male,312,112,108,106,138,74,"straight and sturdy, little waist taper",Small,Wind,Wind-Shell Sage,Tank,Grit,Heart Sanctuary,matched,61,57,70,59,66,53,56,100
hero,SSR-2,Solenne Auralis,SSR,Celestium-touched human,female,38,109,55,118,180,69,"exaggerated hourglass: full bust, very narrow waist, wide curvy hips",Medium,Light,Dawn Priestess,Support,Charm,Heart Sanctuary,matched,57,61,55,70,53,66,55,100
hero,SSR-3,Erebus Nightcrown,SSR,Voidborn sovereign,male,29,108,82,96,224,94,"inverted-triangle, broad chest and shoulders",Large,Dark,Void Regent,Controller,Wit,Heart Sanctuary,matched,54,56,54,66,70,53,59,100
hero,SSR-4,Ragnhild Thunderveil,SSR,Valkyrie (storm-kin),female,34,130,67,130,205,103,"exaggerated hourglass: full bust, very narrow waist, wide curvy hips",Large,Lightning,Storm Valkyrie,Striker,Might,The Forge,matched,70,53,56,52,56,66,56,100
resident,R-01,Tobias Rake,F,Human,male,26,92,78,90,174,62,"athletic, gently tapered waist",Medium,,,,Grit,Farmstead,matched,3,3,5,4,3,2,2,20
resident,R-02,Mina Dewlight,F,Halfling,female,28,102,60,113,122,46,"exaggerated hourglass: full bust, very narrow waist, wide curvy hips",Small,,,,Might,Stone Well,matched,5,4,2,4,2,4,2,20
resident,R-03,Gorm Hatchet,F,Orc,male,33,130,118,116,200,138,"inverted-triangle, broad chest and shoulders",Large,,,,Might,Lumber Mill,matched,5,3,4,3,3,3,3,20
resident,R-04,Wren Kettle,F,Human,female,32,111,67,125,165,74,"exaggerated hourglass: full bust, very narrow waist, wide curvy hips",Medium,,,,Grit,Kitchen,matched,3,4,5,4,2,3,3,20
resident,R-05,Hobb Ledgerfoot,E,Halfling,male,45,100,98,96,118,44,"straight and sturdy, little waist taper",Small,,,,Charm,Argent Market,matched,6,5,4,8,5,6,5,30
resident,R-06,Sera Quickneedle,E,Elf,female,88,96,53,107,172,57,"exaggerated hourglass: full bust, very narrow waist, wide curvy hips",Medium,,,,Grace,Hearth Nursery,matched,5,4,4,5,5,8,5,30
resident,R-07,Dunstan Pickaxe,E,Dwarf,male,58,112,100,102,135,72,"inverted-triangle, broad chest and shoulders",Small,,,,Might,Stone Quarry,matched,8,5,5,5,5,4,4,30
resident,R-08,Lio Marigold,E,Hare-folk (beastfolk),male,27,92,76,88,190,70,"athletic, gently tapered waist",Large,,,,Grit,Farmstead,matched,5,5,8,4,6,4,6,30
resident,R-09,Ilsa Brewbright,D,Human,female,40,118,67,130,170,82,"exaggerated hourglass: full bust, very narrow waist, wide curvy hips",Medium,,,,Charm,The Frosted Mug,matched,8,9,9,12,9,8,7,40
resident,R-10,Fenwick Quill,D,Gnome,male,51,82,76,80,120,32,"straight and sturdy, little waist taper",Small,,,,Wit,Deck Hall,matched,7,9,9,8,12,9,8,40
resident,R-11,Nessa Tidewell,D,Lakefolk (water-kin),female,34,100,55,108,188,69,"exaggerated hourglass: full bust, very narrow waist, wide curvy hips",Large,,,,Grace,The Frosted Mug,matched,9,8,9,7,9,12,8,40
resident,R-12,Brakka Ironsmoke,C,Half-orc,female,37,130,74,132,198,109,"exaggerated hourglass: full bust, very narrow waist, wide curvy hips",Large,,,,Might,The Forge,matched,17,12,13,12,11,13,12,50
resident,R-13,Odalys Thornfield,C,Dryad,female,140,99,53,106,168,59,"exaggerated hourglass: full bust, very narrow waist, wide curvy hips",Medium,,,,Grit,Farmstead,matched,11,11,17,13,11,13,14,50
resident,R-14,Cato Lanternjaw,C,Halfling,male,36,90,76,86,125,40,"athletic, gently tapered waist",Small,,,,Sight,Silverbrook Adventure Guild,matched,13,17,12,11,13,12,11,50
resident,R-15,Yarrow Moss,B,Treant sprout,female,61,139,86,149,210,158,"exaggerated hourglass: full bust, very narrow waist, wide curvy hips",Large,,,,Grace,Hearth Nursery,matched,19,20,16,18,17,24,17,60
resident,R-16,Pell Fortunecoin,B,Fox-folk (beastfolk),male,33,80,64,78,150,42,"athletic, gently tapered waist",Small,,,,Luck,Argent Market,matched,20,20,18,16,18,16,24,60
resident,R-17,Dr. Ambrose Pennywhistle,B,Human,male,53,88,78,86,176,58,"athletic, gently tapered waist",Medium,,,,Wit,Deck Hall,matched,20,16,18,18,24,17,18,60
resident,R-18,Kasimir Veil,A,Tiefling,male,42,98,78,92,192,76,"athletic, gently tapered waist",Large,,,,Charm,Argent Market,matched,22,26,27,32,25,25,24,70
resident,R-19,Mother Hesper,A,Elf,female,240,95,60,103,168,55,"exaggerated hourglass: full bust, very narrow waist, wide curvy hips",Medium,,,,Grace,Hearth Nursery,matched,24,27,25,25,22,32,25,70
resident,R-20,Ruvik Glasseye,A,Goblin,male,39,82,70,76,122,34,"inverted-triangle, broad chest and shoulders",Small,,,,Sight,Silverbrook Adventure Guild,matched,25,32,27,23,27,24,26,70
resident,R-21,Tamsin Starling,S,Cloverkin (fae),female,75,86,48,94,132,32,"exaggerated hourglass: full bust, very narrow waist, wide curvy hips",Small,,,,Luck,Barn,matched,31,32,33,35,31,30,42,80
resident,R-22,Magister Oru,S,Celestium Automaton,nonbinary,22,100,80,94,205,118,"athletic, gently tapered waist",Large,,,,Wit,Deck Hall,matched,36,31,33,34,42,30,34,80
resident,R-23,Sunniva Hearthsong,SS,Celestium-touched human,female,39,121,65,132,176,84,"exaggerated hourglass: full bust, very narrow waist, wide curvy hips",Medium,,,,Grit,Kitchen,matched,45,44,55,48,41,40,47,90
resident,R-24,Elder Ysolde Everwell,SSR,Wellspring spirit,female,500,107,58,118,215,116,"exaggerated hourglass: full bust, very narrow waist, wide curvy hips",Large,,,,Might,Stone Well,matched,70,58,52,59,61,59,56,100
